producer,files,share_%
Adobe PDF Library 15.0,606526,7.6459
(none),459893,5.7975
Microsoft® Word 2016,330134,4.1617
Microsoft® Word 2010,248917,3.1379
Microsoft® Word 2013,189658,2.3909
Microsoft® Word for Microsoft 365,175015,2.2063
Microsoft: Print To PDF,153363,1.9333
Microsoft® Office Word 2007,147568,1.8603
Adobe PDF Library 10.0.1,110905,1.3981
Microsoft® Word 2019,104419,1.3163
Adobe PDF library 15.00,91631,1.1551
Adobe PDF Library 11.0,81848,1.0318
Adobe PDF Library 9.9,73969,0.9325
Microsoft® Word for Office 365,62338,0.7858
Qt 4.8.7,59289,0.7474
iLovePDF,50203,0.6329
GPL Ghostscript 8.15,46267,0.5832
Adobe PDF Library 9.0,43768,0.5517
Acrobat Distiller 11.0 (Windows),43165,0.5441
iText 2.1.7 by 1T3XT,42923,0.5411
Canva,41156,0.5188
Acrobat Distiller 8.1.0 (Windows),39724,0.5008
Microsoft® Excel® 2016,34709,0.4375
Acrobat Distiller 9.0.0 (Windows),33116,0.4175
Adobe PDF Library 10.0,32079,0.4044
Acrobat Distiller 7.0.5 (Windows),31847,0.4015
www.ilovepdf.com,31504,0.3971
mPDF 6.1,31410,0.396
Adobe PDF Library 21.5.80,30105,0.3795
Prince 12.5 (www.princexml.com),30003,0.3782
Adobe PDF Library 8.0,29742,0.3749
Microsoft® Word für Microsoft 365,29484,0.3717
Mac OS X 10.13.6 Quartz PDFContext,28443,0.3586
Acrobat Distiller 6.0 (Windows),27603,0.348
Microsoft® PowerPoint® 2016,27532,0.3471
Acrobat Distiller 7.0 (Windows),26641,0.3358
Adobe Photoshop for Windows -- Image Conversion Plug-in,25802,0.3253
FPDF 1.7,25372,0.3198
Microsoft® Excel® 2010,25301,0.3189
PDFium,24158,0.3045
TCPDF 2.5.000_PHP4 (http://www.tcpdf.org),24126,0.3041
Acrobat Distiller 5.0 (Windows),22973,0.2896
Acrobat Distiller 5.0.5 (Windows),22045,0.2779
Adobe PDF Library 21.1.187,21827,0.2752
Acrobat Distiller 10.1.16 (Windows),21350,0.2691
Microsoft® Excel® 2013,21271,0.2681
mPDF 6.0,20292,0.2558
GPL Ghostscript 9.27,20102,0.2534
Adobe PSL 1.3e for Canon,20044,0.2527
Acrobat Distiller 21.0 (Windows),19846,0.2502
GPL Ghostscript 9.52,19616,0.2473
GPL Ghostscript 9.06,19027,0.2399
Adobe PDF library 10.01,18611,0.2346
Skia/PDF m93 Google Docs Renderer,18274,0.2304
Mac OS X 10.11.6 Quartz PDFContext,18062,0.2277
GPL Ghostscript 9.10,17779,0.2241
Microsoft® Publisher for Microsoft 365,17594,0.2218
Qt 4.8.6,17299,0.2181
itext-paulo-155 (itextpdf.sf.net-lowagie.com),17277,0.2178
EO.Pdf 19.1.25.0,17020,0.2146
Microsoft® PowerPoint® for Microsoft 365,16989,0.2142
Microsoft® PowerPoint® 2010,16824,0.2121
Prince 9.0 rev 5 (www.princexml.com),16617,0.2095
Mac OS X 10.12.6 Quartz PDFContext,16332,0.2059
Acrobat Distiller 8.0.0 (Windows),16162,0.2037
Microsoft® Excel® 2019,15630,0.197
EPSON Scan,15574,0.1963
Microsoft® Excel® for Microsoft 365,15450,0.1948
GPL Ghostscript 9.05,15370,0.1938
Microsoft® Word pour Microsoft 365,15227,0.192
Microsoft® Publisher 2016,15224,0.1919
Microsoft® Word para Microsoft 365,15172,0.1913
macOS Version 11.4 (Build 20F71) Quartz PDFContext,14624,0.1844
Adobe PDF Library 17.11.238,14511,0.1829
Microsoft® PowerPoint® 2013,14500,0.1828
Powered By Crystal,14376,0.1812
Acrobat Distiller 6.0.1 (Windows),13868,0.1748
Mac OS X 10.10.5 Quartz PDFContext,13767,0.1735
mPDF 7.0.3,13764,0.1735
TCPDF 6.3.5 (http://www.tcpdf.org),13754,0.1734
Microsoft® Publisher 2010,13659,0.1722
Mac OS X 10.6.8 Quartz PDFContext,13630,0.1718
FPDF 1.81,13205,0.1665
Adobe PDF Library 7.0,12786,0.1612
Acrobat Distiller 10.0.0 (Windows),12758,0.1608
PDFLaTeX,12564,0.1584
Adobe Photoshop for Macintosh -- Image Conversion Plug-in,12487,0.1574
Nitro PDF PrimoPDF,12314,0.1552
Acrobat Distiller 17.0 (Windows),11999,0.1513
Microsoft® Office Excel® 2007,11925,0.1503
Microsoft® Word voor Microsoft 365,11496,0.1449
Microsoft® Word 2013,11422,0.144
HP Scan Extended Application,11339,0.1429
Acrobat Distiller 15.0 (Windows),11175,0.1409
Acrobat Distiller 9.5.5 (Windows),10943,0.1379
GPL Ghostscript 9.07,10557,0.1331
Adobe PDF library 9.90,10519,0.1326
Acrobat Distiller 20.0 (Windows),10423,0.1314
TCPDF 6.2.12 (http://www.tcpdf.org),10236,0.129
macOS Version 11.2.3 (Build 20D91) Quartz PDFContext,10151,0.128
Skia/PDF m92 Google Docs Renderer,10015,0.1263
3-Heights™ PDF Optimization Shell 6.3.1.5 (http://www.pdf-tools.com),9996,0.126
pdfTeX-1.40.21,9930,0.1252
Adobe PSL 1.2e for Canon,9923,0.1251
Adobe PDF Library 21.1.182,9702,0.1223
Adobe PDF Library 21.1.177,9515,0.1199
TCPDF 6.2.13 (http://www.tcpdf.org),9510,0.1199
SECnvtToPDF V1.0,9358,0.118
mPDF 8.0.0,9293,0.1171
Microsoft® PowerPoint® 2019,9023,0.1137
FPDF 1.53,8952,0.1128
Adobe PDF Library 20.13.106,8911,0.1123
GPL Ghostscript 8.64,8909,0.1123
Mac OS X 10.9.5 Quartz PDFContext,8816,0.1111
Microsoft® Publisher 2013,8657,0.1091
Microsoft® Office PowerPoint® 2007,8595,0.1083
Microsoft® Office Publisher 2007,8505,0.1072
Skia/PDF m79,8402,0.1059
3-Heights(TM) PDF Optimization Shell 4.8.25.2 (http://www.pdf-tools.com),7641,0.0963
GPL Ghostscript 9.26,7596,0.0958
GPL Ghostscript 8.54,7590,0.0957
GPL Ghostscript 8.70,7583,0.0956
GPL Ghostscript 8.71,7558,0.0953
Acrobat Distiller 4.05 for Windows,7427,0.0936
GPL Ghostscript 9.04,7423,0.0936
TCPDF 6.2.26 (http://www.tcpdf.org),7354,0.0927
Adobe PDF Library 20.9.95,7339,0.0925
pdfTeX-1.40.18,7324,0.0923
Microsoft® Word für Office 365,7299,0.092
3-Heights(TM) PDF Optimization Shell 5.9.1.5 (http://www.pdf-tools.com),7274,0.0917
Skia/PDF m90,7256,0.0915
IJ Scan Utility,7169,0.0904
Microsoft® Word per Microsoft 365,7086,0.0893
"dompdf 0.8.6
 + CPDF",7072,0.0892
Acrobat Distiller 4.0 for Windows,7026,0.0886
Acrobat Distiller 19.0 (Windows),6910,0.0871
PrimoPDF,6891,0.0869
Skia/PDF m91,6865,0.0865
GPL Ghostscript 8.61,6795,0.0857
GPL Ghostscript 9.14,6753,0.0851
iTextSharp™ 5.5.13 ©2000-2018 iText Group NV (AGPL-version); modified using iTex,6641,0.0837
Microsoft® PowerPoint® for Office 365,6538,0.0824
Adobe PDF Library 21.5.90,6511,0.0821
GPL Ghostscript 8.63,6498,0.0819
LibreOffice 6.4,6432,0.0811
Adobe PDF Library 6.0,6330,0.0798
wkhtmltopdf,6318,0.0796
pdfTeX-1.40.17,6260,0.0789
ilovepdf.com,6087,0.0767
JUST PDF 3,5984,0.0754
Mac OS X 10.7.5 Quartz PDFContext,5933,0.0748
LibreOffice 6.0,5896,0.0743
Online2PDF.com,5895,0.0743
macOS Version 10.15.7 (Build 19H524) Quartz PDFContext,5854,0.0738
Qt 4.8.5 (C) 2011 Nokia Corporation and/or its subsidiary(-ies),5787,0.073
TCPDF 5.0.002 (http://www.tcpdf.org) (TCPDF),5737,0.0723
GPL Ghostscript  9.0,5674,0.0715
macOS Version 10.15.7 (Build 19H2) Quartz PDFContext,5629,0.071
GPL Ghostscript 9.53.3,5613,0.0708
Mac OS X 10.5.8 Quartz PDFContext,5610,0.0707
LibreOffice 5.1,5592,0.0705
TCPDF 6.2.6 (http://www.tcpdf.org),5548,0.0699
macOS Version 11.3.1 (Build 20E241) Quartz PDFContext,5461,0.0688
ABBYY FineReader 12,5459,0.0688
Adobe Acrobat 9.0 Paper Capture Plug-in,5337,0.0673
3-Heights(TM) PDF Security Shell 4.8.25.2 (http://www.pdf-tools.com),5271,0.0664
Microsoft® Word para Office 365,5211,0.0657
Skia/PDF m89,5138,0.0648
LibreOffice 7.0,5055,0.0637
Microsoft® Publisher 2019,4961,0.0625
FPDF 1.6,4956,0.0625
Adobe PDF Library 21.1.174,4908,0.0619
Nuance PDF Create,4897,0.0617
FPDF 1.82,4880,0.0615
Microsoft® Excel® for Office 365,4754,0.0599
GNU Ghostscript 7.05,4727,0.0596
Apache FOP Version 1.1,4718,0.0595
Adobe PDF Library 20.6.74,4669,0.0589
AFPL Ghostscript 8.54,4652,0.0586
Epson Scan 2,4502,0.0568
pdfTeX-1.40.19,4415,0.0557
pdfTeX-1.40.20,4410,0.0556
Acrobat Distiller 4.0 for Macintosh,4404,0.0555
iTextSharp 4.1.6 by 1T3XT,4342,0.0547
dompdf 0.8.2 + CPDF,4288,0.0541
OpenOffice.org 3.2,4272,0.0539
Microsoft® Word pour Office 365,4245,0.0535
StreamServe Communication Server 16.3.0 GA Build 387 (64 bit),4245,0.0535
iText® 5.3.0 ©2000-2012 1T3XT BVBA,4243,0.0535
Adobe PDF library 9.00,4218,0.0532
intsig.com pdf producer,4216,0.0531
macOS Version 10.15.7 (Build 19H1217) Quartz PDFContext,4207,0.053
OpenOffice.org 3.3,4203,0.053
Mac OS X 10.8.5 Quartz PDFContext,4181,0.0527
LibreOffice 6.1,4180,0.0527
TCPDF 6.2.11 (http://www.tcpdf.org),4171,0.0526
dompdf <6782abfc> + CPDF,4155,0.0524
mPDF 7.1.5,4154,0.0524
Adobe PDF Library 20.12.80,4150,0.0523
Acrobat Distiller 7.0.5 for Macintosh,4140,0.0522
LibreOffice 7.1,4139,0.0522
Adobe PDF Library 19.12.66,4113,0.0518
Adobe PSL 1.1e for Canon,3987,0.0503
mPDF 5.7,3959,0.0499
MP Navigator EX,3956,0.0499
mPDF 7.1.9,3918,0.0494
pdfTeX-1.40.16,3889,0.049
GPL Ghostscript 9.02,3885,0.049
PDF Printer / www.bullzip.com / FG / Freeware Edition (max 10 users),3874,0.0488
Microsoft® Publisher for Office 365,3811,0.048
macOS Version 11.1 (Build 20C69) Quartz PDFContext,3761,0.0474
OpenOffice 4.1.3,3727,0.047
GNU Ghostscript 7.06,3690,0.0465
ABBYY FineReader 11,3670,0.0463
ABBYY FineReader 10,3653,0.0461
Microsoft® Word voor Office 365,3636,0.0458
Microsoft® Word dla Microsoft 365,3631,0.0458
AFPL Ghostscript 8.14,3601,0.0454
macOS Version 10.14.6 (Build 18G103) Quartz PDFContext,3594,0.0453
GPL Ghostscript 9.21,3593,0.0453
Microsoft® Word för Microsoft 365,3574,0.0451
Adobe PDF Library 5.0,3569,0.045
Acrobat PDFWriter 5.0 for Windows NT,3542,0.0447
Adobe Photoshop for Windows,3533,0.0445
OpenOffice 4.1.5,3528,0.0445
macOS Version 10.15.7 (Build 19H1030) Quartz PDFContext,3524,0.0444
Adobe PDF Scan Library 3.1,3498,0.0441
Adobe PDF Library 19.21.90,3448,0.0435
macOS Version 10.15.6 (Build 19G2021) Quartz PDFContext,3443,0.0434
OpenOffice 4.1.1,3442,0.0434
Adobe PDF Library 19.21.79,3441,0.0434
Acrobat Distiller 18.0 (Windows),3384,0.0427
Adobe Acrobat Pro DC (32-bit) 21 Paper Capture Plug-in,3379,0.0426
Bullzip PDF Printer / www.bullzip.com / Freeware Edition,3369,0.0425
ActiveReports 8,3357,0.0423
Adobe Acrobat 9.0 Image Conversion Plug-in,3355,0.0423
OpenOffice 4.1.7,3331,0.042
Acrobat Distiller 4.05 for Macintosh,3325,0.0419
Adobe PDF library 8.00,3323,0.0419
mPDF 8.0.10,3270,0.0412
OpenOffice 4.1.2,3259,0.0411
pdfTeX-1.40.14,3249,0.041
macOS Version 10.15.5 (Build 19F101) Quartz PDFContext,3246,0.0409
Mac OS X 10.4.11 Quartz PDFContext,3227,0.0407
TCPDF 6.0.012 (http://www.tcpdf.org),3223,0.0406
Skia/PDF m91 Google Docs Renderer,3205,0.0404
AFPL Ghostscript 8.53,3183,0.0401
LibreOffice 4.2,3181,0.0401
Apache FOP Version 2.3,3177,0.04
Adobe PDF Library 19.12.68,3176,0.04
Acrobat Distiller 10.1.1 (Windows),3176,0.04
PDFsharp 1.50.4589 (www.pdfsharp.com),3172,0.04
OmniPage 17,3162,0.0399
Mac OS X 10.13.4 Quartz PDFContext,3141,0.0396
Skia/PDF m87,3109,0.0392
Microsoft® PowerPoint® für Microsoft 365,3101,0.0391
Acrobat PDFWriter 4.0 for Windows NT,3096,0.039
GPL Ghostscript 9.50,3094,0.039
Acrobat Distiller 9.2.0 (Windows),3091,0.039
Adobe PDF Library 20.12.75,3083,0.0389
KONICA MINOLTA bizhub C258,3055,0.0385
iText 2.1.4 (by lowagie.com),3053,0.0385
secPdfProducer,3051,0.0385
pdfTeX-1.40.13,3027,0.0382
dompdf 1.0.2 + CPDF,3025,0.0381
Acrobat Distiller 5.0.5 for Macintosh,2987,0.0377
LibreOffice 6.2,2971,0.0375
Adobe PDF library 11.00,2955,0.0373
Scanner System Image Conversion,2945,0.0371
Skia/PDF m88,2936,0.037
Adobe PDF Library 20.13.96,2936,0.037
macOS Version 10.14.5 (Build 18F132) Quartz PDFContext,2928,0.0369
Acrobat Distiller 10.0.0 (Windows); modified using iText® 5.3.5 ©2000-2012 1T3XT,2924,0.0369
Acrobat Distiller 10.1.4 (Windows),2920,0.0368
Persits Software AspPDF - www.persits.com,2906,0.0366
Adobe PDF Library 19.10.123,2893,0.0365
mPDF 8.0.8,2871,0.0362
KONICA MINOLTA bizhub C224e,2871,0.0362
Acrobat Distiller 10.1.8 (Windows),2862,0.0361
Acrobat PDFMaker 15 for Word,2856,0.036
iText 5.0.6 (c) 1T3XT BVBA,2854,0.036
iText® 5.4.4 ©2000-2013 1T3XT BVBA (AGPL-version),2854,0.036
Corel PDF Engine Version 17.0.0.337,2853,0.036
iText® 7.1.13 ©2000-2020 iText Group NV (AGPL-version),2850,0.0359
PDFCreator 2.1.2.0,2849,0.0359
PDF Printer / www.bullzip.com / FPG / Freeware Edition (max 10 users),2838,0.0358
GPL Ghostscript 9.22,2812,0.0354
Microsoft Reporting Services PDF Rendering Extension 10.0.0.0,2809,0.0354
Adobe PDF Library 21.1.170,2804,0.0353
Microsoft® Word til Microsoft 365,2800,0.0353
PDFlib PLOP 4.1 (.NET/Win64)/Powered By Crystal,2789,0.0352
LibreOffice 6.3,2775,0.035
PDFCreator 2.3.0.103,2770,0.0349
EO.Pdf 20.2.63.0,2764,0.0348
OmniPageCSDK18,2758,0.0348
LibreOffice 4.3,2757,0.0348
Microsoft® Word pro Microsoft 365,2749,0.0347
dvips + GPL Ghostscript GIT PRERELEASE 9.22,2747,0.0346
GPL Ghostscript 9.01,2746,0.0346
ABBYY FineReader 14,2744,0.0346
Apache FOP Version 1.0,2734,0.0345
PDFCreator Free 3.5.1,2729,0.0344
macOS Version 10.15.4 (Build 19E287) Quartz PDFContext,2716,0.0342
Adobe Acrobat 8.1,2715,0.0342
Power PDF Create,2680,0.0338
Adobe Acrobat 21.1 Image Conversion Plug-in,2675,0.0337
Adobe PDF Scan Library 3.2,2663,0.0336
Qt 5.5.1,2658,0.0335
Acrobat Distiller 9.3.0 (Windows),2643,0.0333
eDocument Library version 2.6 PDF Filter,2633,0.0332
mPDF 8.0.7,2606,0.0329
Lexmark X860de,2605,0.0328
iText 2.1.0 (by lowagie.com),2603,0.0328
Adobe PDF Library 19.8.103,2573,0.0324
Skia/PDF m63,2571,0.0324
Adobe Acrobat 9.3 Image Conversion Plug-in,2557,0.0322
PDF Printer / www.bullzip.com / CP / Freeware Edition,2552,0.0322
"Marvell Semiconductor, Inc.  -- http://www.marvell.com",2548,0.0321
dompdf <75f13c70> + CPDF,2542,0.032
OpenOffice.org 3.1,2525,0.0318
macOS Version 10.15.7 (Build 19H114) Quartz PDFContext,2523,0.0318
Acrobat Distiller 8.1.0 (Macintosh),2510,0.0316
macOS Version 10.15.3 (Build 19D76) Quartz PDFContext,2499,0.0315
Antenna House PDF Output Library 6.5.1299 (Windows (x64)); modified using iTextS,2495,0.0315
LibreOffice 5.4,2467,0.0311
GPL Ghostscript 9.25,2462,0.031
EXP Systems LLC (www.exp-systems.com),2454,0.0309
Adobe PDF Library 20.6.66,2452,0.0309
libtiff / tiff2pdf - 20120922,2447,0.0308
iText 4.2.0 by 1T3XT,2425,0.0306
Adobe Acrobat Pro DC (32-bit) 21.5.20048,2418,0.0305
macOS Version 10.15.7 (Build 19H15) Quartz PDFContext,2399,0.0302
West Corporation using ABCpdf,2380,0.03
Mac OS X 10.13.3 Quartz PDFContext,2363,0.0298
Microsoft® Word Starter 2010,2353,0.0297
mPDF 8.0.11,2330,0.0294
Acrobat Distiller 9.0.0 (Macintosh),2308,0.0291
macOS Version 10.14.6 (Build 18G8022) Quartz PDFContext,2307,0.0291
LibreOffice 5.3,2292,0.0289
mPDF 5.7.4,2292,0.0289
pdfTeX-1.40.3,2286,0.0288
Acrobat Distiller 6.0.1 for Macintosh,2286,0.0288
Acrobat Distiller 3.01 for Windows,2277,0.0287
Skia/PDF m86,2276,0.0287
PDFlib+PDI 6.0.0p2 (Win32),2260,0.0285
pdfTeX-1.40.15,2254,0.0284
PDFCreator 2.2.2.0,2251,0.0284
Skia/PDF m80,2243,0.0283
Adobe Acrobat 7.0 Image Conversion Plug-in,2233,0.0281
Adobe Acrobat 9.55 Paper Capture Plug-in,2231,0.0281
pdfTeX-1.40.10,2224,0.028
pdfTeX-1.40.12,2210,0.0279
deskPDF 2.58,2210,0.0279
Microsoft® Excel® für Microsoft 365,2207,0.0278
OpenOffice 4.1.6,2200,0.0277
Acrobat Distiller 3.0 for Windows,2179,0.0275
GPL Ghostscript 9.19,2171,0.0274
PDFCreator 3.2.0.11758,2160,0.0272
Adobe PDF Library 21.1.167,2158,0.0272
Microsoft® PowerPoint® para Microsoft 365,2157,0.0272
iText 2.0.8 (by lowagie.com),2145,0.027
Acrobat Distiller 10.1.5 (Windows),2119,0.0267
macOS Version 11.3 (Build 20E232) Quartz PDFContext,2112,0.0266
LibreOffice 5.0,2109,0.0266
Acrobat Distiller 10.1.10 (Windows),2094,0.0264
Adobe Acrobat Pro 11.0.23,2092,0.0264
Synopse PDF engine 1.18,2090,0.0263
TCPDF 6.3.2 (http://www.tcpdf.org),2073,0.0261
Toolkit http://www.activepdf.com,2063,0.026
PDFsharp 1.50.4740 (www.pdfsharp.com),2059,0.026
Microsoft® Word per Office 365,2057,0.0259
mPDF 8.0.4,2056,0.0259
GPL Ghostscript 9.18,2055,0.0259
FPDF 1.52,2050,0.0258
Winnovative HTML to PDF Converter 9.12,2048,0.0258
mPDF 8.0.5,2048,0.0258
Acrobat Distiller 8.0.0 (Macintosh),2044,0.0258
Mac OS X 10.11.3 Quartz PDFContext,2036,0.0257
Microsoft® PowerPoint® pour Microsoft 365,2028,0.0256
Select.Pdf Html To Pdf for .NET Community Edition v17.3.0,2015,0.0254
KONICA MINOLTA bizhub C308,2013,0.0254
Mac OS X 10.10.3 Quartz PDFContext,2012,0.0254
PDFlib+PDI 7.0.1 (Linux-x86_64),2008,0.0253
Mac OS X 10.10.2 Quartz PDFContext,1996,0.0252
Adobe PDF Library 4.0,1992,0.0251
LibreOffice 5.2,1986,0.025
Adobe Acrobat Pro DC 20 Paper Capture Plug-in,1981,0.025
Acrobat Distiller 8.3.1 (Windows),1976,0.0249
OpenOffice.org 3.0,1974,0.0249
Mac OS X 10.12.5 Quartz PDFContext,1968,0.0248
Microsoft Reporting Services PDF Rendering Extension 11.0.0.0,1964,0.0248
AFPL Ghostscript 8.13,1956,0.0247
dompdf + CPDF,1955,0.0246
Adobe Acrobat 6.0 Image Conversion Plug-in,1945,0.0245
Adobe PDF Library 19.10.96,1942,0.0245
Adobe Acrobat Pro 11.0.23 Paper Capture Plug-in,1930,0.0243
KONICA MINOLTA bizhub C458,1928,0.0243
Mac OS X 10.3.9 Quartz PDFContext,1924,0.0243
iText 1.4.8 (by lowagie.com),1919,0.0242
Corel PDF Engine Version 15.2.0.686,1918,0.0242
Acrobat Distiller 7.0 for Macintosh,1916,0.0242
PyPDF2,1915,0.0241
Adobe Acrobat Pro DC 15 Paper Capture Plug-in,1914,0.0241
Acrobat Distiller 11.0.9(Windows),1912,0.0241
ABBYY Recognition Server,1904,0.024
KONICA MINOLTA bizhub C220,1902,0.024
Adobe PDF library 7.77,1901,0.024
Mac OS X 10.12.3 Quartz PDFContext,1901,0.024
macOS Version 11.2.1 (Build 20D74) Quartz PDFContext,1899,0.0239
Adobe Acrobat 10.0 Paper Capture Plug-in,1897,0.0239
PDFlib+PDI 9.2.0p5-i (macOS),1887,0.0238
macOS Version 10.14.6 (Build 18G95) Quartz PDFContext,1885,0.0238
Adobe Acrobat 10.1.16 Image Conversion Plug-in,1877,0.0237
Acrobat PDFWriter 4.05 for Windows NT,1858,0.0234
Qt 4.8.4 (C) 2011 Nokia Corporation and/or its subsidiary(-ies),1844,0.0232
Adobe Acrobat 21.5 Image Conversion Plug-in,1838,0.0232
ReportLab PDF Library - www.reportlab.com,1835,0.0231
dompdf 0.8.3 + CPDF,1833,0.0231
Acrobat Distiller 3.01 for Power Macintosh,1827,0.023
KONICA MINOLTA bizhub C454e,1827,0.023
JUST PDF 4,1826,0.023
Adobe Acrobat Pro DC (32-bit) 21.1.20155,1825,0.023
Corel PDF Engine Version 18.1.0.661,1801,0.0227
Acrobat 5.0 Image Conversion Plug-in for Windows,1800,0.0227
Adobe PSL 1.4e for Canon,1799,0.0227
Adobe Acrobat Pro 10.1.16,1798,0.0227
RICOH MP C3003,1797,0.0227
PFU PDF Library 1.4.1,1792,0.0226
OpenOffice.org 3.4.1,1789,0.0226
Corel PDF Engine Version 17.0.0.491,1771,0.0223
Corel PDF Engine Version 1.0.0.458,1770,0.0223
Xerox WorkCentre 7830,1768,0.0223
Adobe Acrobat 8.0 Image Conversion Plug-in,1768,0.0223
Hancom PDF 1.3.0.538,1752,0.0221
PIC,1743,0.022
Acrobat Distiller 9.4.0 (Windows),1740,0.0219
Corel PDF Engine Version 14.0.0.653,1725,0.0217
Acrobat 5.0 Scan Plug-in for Windows,1724,0.0217
Corel PDF Engine Version 16.1.0.843,1724,0.0217
Acrobat Distiller 9.4.2 (Windows),1715,0.0216
Adobe PDF Library 20.13.98,1714,0.0216
Adobe Acrobat Pro 9.0.0,1713,0.0216
KONICA MINOLTA bizhub C280,1709,0.0215
QuarkXPress(tm) 6.5,1708,0.0215
Mac OS X 10.11.5 Quartz PDFContext,1703,0.0215
cairo 1.16.0 (https://cairographics.org),1701,0.0214
iText 2.1.5 (by lowagie.com),1700,0.0214
TCPDF 6.2.17 (http://www.tcpdf.org),1697,0.0214
PoDoFo - http://podofo.sf.net,1693,0.0213
Adobe PDF Library 21.1.181,1693,0.0213
OpenOffice 4.0.1,1691,0.0213
SPDF,1682,0.0212
Skia/PDF m78,1679,0.0212
Creo Normalizer JTP,1679,0.0212
Acrobat Distiller 9.5.5 (Macintosh),1677,0.0211
macOS Version 10.14.6 (Build 18G9028) Quartz PDFContext,1675,0.0211
Corel PDF Engine Version 17.1.0.572,1670,0.0211
PaperPort 14,1668,0.021
一太郎,1658,0.0209
PDFsharp 1.32.2608-g (www.pdfsharp.net),1653,0.0208
Prawn,1634,0.0206
Acrobat Distiller 9.4.6 (Windows),1633,0.0206
Corel PDF Engine Version 3.0.0.576,1629,0.0205
3-Heights(TM) PDF Security Shell 4.8.25.2 (http://www.pdf-tools.com) / pdcat (ww,1627,0.0205
"PDFTron PDFNet, V6.40292",1625,0.0205
Skia/PDF m85,1624,0.0205
Mac OS X 10.9.2 Quartz PDFContext,1623,0.0205
Oracle PDF driver,1617,0.0204
Nuance PDF Create 8,1616,0.0204
ScanSoft PDF Create! 4,1613,0.0203
macOS Version 10.14.3 (Build 18D109) Quartz PDFContext,1607,0.0203
cairo 1.9.5 (http://cairographics.org),1607,0.0203
SOLIDWORKS PDF Publisher,1607,0.0203
Skia/PDF m84,1604,0.0202
ESP Ghostscript 815.02,1603,0.0202
Acrobat Distiller 9.5.2 (Windows),1596,0.0201
madbuild,1595,0.0201
TCPDF 5.9.151 (http://www.tcpdf.org),1592,0.0201
Adobe Acrobat 10.0 Image Conversion Plug-in,1583,0.02
DPE Build 5656,1580,0.0199
Skia/PDF m81,1574,0.0198
ScanSoft PDF Create! 7,1572,0.0198
Mac OS X 10.8.2 Quartz PDFContext,1564,0.0197
Bluebeam Brewery 5.0,1561,0.0197
Acrobat Distiller 10.1.13 (Windows),1561,0.0197
wPDF3 by WPCubed GmbH,1555,0.0196
Adobe Acrobat 6.0 Paper Capture,1551,0.0196
Brother Scanner System Image Conversion,1537,0.0194
KONICA MINOLTA bizhub C368,1532,0.0193
PDFill: Free PDF Writer and Tools,1532,0.0193
KONICA MINOLTA bizhub C284e,1531,0.0193
tFPDF 1.24,1531,0.0193
KONICA MINOLTA bizhub 223,1526,0.0192
Adobe PDF Library 19.10.131,1526,0.0192
Corel PDF Engine Version 19.1.0.419,1524,0.0192
macOS Version 10.14.6 (Build 18G9216) Quartz PDFContext,1524,0.0192
AFPL Ghostscript 8.50,1520,0.0192
Mac OS X 10.10.4 Quartz PDFContext,1520,0.0192
OpenOffice.org 2.0,1517,0.0191
AFPL Ghostscript 8.0,1515,0.0191
Corel PDF Engine Version 15.0.0.486,1498,0.0189
Adobe Acrobat Pro DC 19 Paper Capture Plug-in,1496,0.0189
MiKTeX pdfTeX-1.40.21,1488,0.0188
KONICA MINOLTA bizhub C227,1486,0.0187
Acrobat Distiller 10.1.2 (Windows),1485,0.0187
Mac OS X 10.9.4 Quartz PDFContext,1478,0.0186
Microsoft® Excel® para Microsoft 365,1472,0.0186
Microsoft® Word для Microsoft 365,1471,0.0185
Acrobat Distiller 9.5.1 (Windows),1471,0.0185
Mac OS X 10.6.7 Quartz PDFContext,1470,0.0185
Acrobat PDFWriter 3.02 for Windows,1467,0.0185
PDFCreator 2.5.3.6324,1462,0.0184
macOS Version 11.2.2 (Build 20D80) Quartz PDFContext,1461,0.0184
PDFCreator 3.3.2.3528,1456,0.0184
mPDF 5.4,1454,0.0183
PDFCreator 2.2.1.0,1453,0.0183
Acrobat Distiller 9.5.3 (Windows),1452,0.0183
PDF::API2 2.033 [linux],1450,0.0183
PFU PDF Library 1.3.1,1449,0.0183
Corel PDF Engine Version 20.1.0.708,1449,0.0183
Acrobat Distiller 10.1.7 (Windows),1445,0.0182
Adobe PDF Library 15.0; modified using iText® 5.3.5 ©2000-2012 1T3XT BVBA (SPRIN,1439,0.0181
Mac OS X 10.12.4 Quartz PDFContext,1435,0.0181
Acrobat Distiller 6.0.0 for Macintosh,1434,0.0181
Foxit PhantomPDF Printer Version 6.0.4.1129,1433,0.0181
macOS Version 10.15.2 (Build 19C57) Quartz PDFContext,1431,0.018
macOS Version 10.14.2 (Build 18C54) Quartz PDFContext,1430,0.018
Microsoft® Word til Office 365,1427,0.018
Adobe Acrobat 8.0,1426,0.018
Adobe Acrobat 9.3.1 Image Conversion Plug-in,1425,0.018
LibreOffice 4.4,1424,0.018
OpenOffice.org 2.4,1423,0.0179
KONICA MINOLTA bizhub C364e,1422,0.0179
macOS Version 10.14.4 (Build 18E226) Quartz PDFContext,1421,0.0179
Mac OS X 10.6.4 Quartz PDFContext,1418,0.0179
PDFlib+PDI 9.2.0p5-i (Win32),1415,0.0178
iTextSharp™ 5.5.8 ©2000-2015 iText Group NV (AGPL-version); modified using iText,1415,0.0178
Soda PDF,1411,0.0178
Mac OS X 10.11.4 Quartz PDFContext,1411,0.0178
ABBYY FineReader 8.0 Professional Edition,1410,0.0178
Microsoft® Word för Office 365,1410,0.0178
Acrobat Distiller 10.1.9 (Windows),1410,0.0178
ABBYY FineReader 9.0 Professional Edition,1409,0.0178
Microsoft® Word a Microsoft 365-höz,1389,0.0175
iOS Version 14.6 (Build 18F72) Quartz PDFContext,1388,0.0175
PDFCreator 2.4.1.13,1386,0.0175
PDFCreator 2.1.1.0,1375,0.0173
PaperPort 11.0,1374,0.0173
mPDF 8.0.6,1372,0.0173
CVISION Technologies,1369,0.0173
Adobe Acrobat Pro 2017 17 Paper Capture Plug-in,1369,0.0173
macOS Version 10.15.6 (Build 19G73) Quartz PDFContext,1364,0.0172
TCPDF 6.0.098 (http://www.tcpdf.org),1363,0.0172
RICOH MP C4503,1361,0.0172
Xerox WorkCentre 7855,1357,0.0171
KONICA MINOLTA bizhub C250i,1354,0.0171
"dvipdfm 0.13.2c, Copyright © 1998, by Mark A. Wicks",1341,0.0169
Corel PDF Engine Version 17.6.0.1021,1336,0.0168
PDFCreator 2.3.2.6,1329,0.0168
LibreOffice 3.5,1326,0.0167
PDFlib+PDI 9.0.3p4 (Win32),1324,0.0167
iTextSharp™ 5.5.0 ©2000-2013 iText Group NV (AGPL-version); modified using iText,1320,0.0166
Acrobat Distiller 9.3.2 (Windows),1319,0.0166
iText® 5.5.10 ©2000-2015 iText Group NV (AGPL-version),1318,0.0166
mPDF 5.6,1317,0.0166
Acrobat Distiller 8.1.0 (Windows); modified using iTextSharp™ 5.5.13.1 ©2000-201,1314,0.0166
macOS Version 10.14.6 (Build 18G3020) Quartz PDFContext,1314,0.0166
chronorace - electronic timing via ABCpdf,1306,0.0165
itext-paulo (lowagie.com)[JDK1.1] - build 132,1305,0.0165
MFPImgLib V4.0,1297,0.0164
Acrobat Distiller 10.1.3 (Windows),1295,0.0163
Skia/PDF,1295,0.0163
Mac OS X 10.13.2 Quartz PDFContext,1295,0.0163
PDFlib 3.03 (Win32),1290,0.0163
macOS Version 10.14 (Build 18A391) Quartz PDFContext,1289,0.0162
Microsoft Reporting Services PDF Rendering Extension 13.0.0.0,1283,0.0162
Corel PDF Engine Version 16.0.0.707,1281,0.0161
Mac OS X 10.13.5 Quartz PDFContext,1278,0.0161
iTextSharp™ 5.5.7 ©2000-2015 iText Group NV (AGPL-version); modified using iText,1276,0.0161
QuarkXPress(R) 7.5,1274,0.0161
ScanSoft PDF Create! 5,1274,0.0161
macOS Version 10.16 (Build 20F71) Quartz PDFContext,1263,0.0159
pdfeTeX-1.21a,1261,0.0159
Acrobat Distiller 11.0 (Macintosh),1258,0.0159
PDFKit,1255,0.0158
Acrobat Distiller 9.3.3 (Windows),1253,0.0158
PDFCreator 3.2.2.13517,1250,0.0158
Adobe Acrobat 10.1.16 Paper Capture Plug-in,1250,0.0158
DynaPDF 2.5.0.530,1248,0.0157
macOS Version 11.2 (Build 20D64) Quartz PDFContext,1241,0.0156
Adobe Mac PDF Plug-in,1239,0.0156
Mac OS X 10.11.1 Quartz PDFContext,1234,0.0156
iTextSharp™ 5.5.11 ©2000-2017 iText Group NV (AGPL-version); modified using iTex,1233,0.0155
Apache FOP Version svn-trunk,1228,0.0155
PDFCreator 2.5.1.5,1226,0.0155
TCPDF 5.9.205 (http://www.tcpdf.org),1225,0.0154
Corel PDF Engine Version 22.1.1.523,1222,0.0154
TCPDF 6.0.072 (http://www.tcpdf.org),1216,0.0153
GPL Ghostscript 9.16,1216,0.0153
iTextSharp™ 5.5.9 ©2000-2016 iText Group NV (AGPL-version); modified using iText,1216,0.0153
Adobe Acrobat Pro 11.0.0,1214,0.0153
dompdf <5113accd> + CPDF,1214,0.0153
TCPDF 6.0.051 (http://www.tcpdf.org),1210,0.0153
Adobe Acrobat 6.0,1207,0.0152
Python PDF Library - http://pybrary.net/pyPdf/,1204,0.0152
Microsoft® Excel® pour Microsoft 365,1196,0.0151
PDFCreator 2.0.2.0,1196,0.0151
Xerox AltaLink C8045,1194,0.0151
Acrobat PDFWriter 4.0 for Windows,1193,0.015
CloudConvert,1192,0.015
Microsoft® Word dla Office 365,1188,0.015
JUST PDF 2,1184,0.0149
VersaLink C7025,1183,0.0149
Mac OS X 10.10.1 Quartz PDFContext,1182,0.0149
PuzzleFlow Solutions,1177,0.0148
macOS Version 10.14.6 (Build 18G6020) Quartz PDFContext,1177,0.0148
Adobe PDF Library 20.4.53,1173,0.0148
macOS Version 11.4 (assemblage 20F71) Quartz PDFContext,1170,0.0147
Skia/PDF m83,1166,0.0147
RAD PDF 3.19.2.2 - https://www.radpdf.com,1165,0.0147
3-Heights(TM) PDF Merge Split API 4.9.17.0 (http://www.pdf-tools.com),1164,0.0147
Mac OS X 10.5.6 Quartz PDFContext,1163,0.0147
PFU PDF Library 1.2.1,1162,0.0146
Xerox WorkCentre 7845,1161,0.0146
HyperGEAR PDF Make Library,1160,0.0146
Mac OS X 10.7.4 Quartz PDFContext,1160,0.0146
Xerox WorkCentre 7835,1158,0.0146
Corel PDF Engine Version 18.0.0.448,1150,0.0145
Apache FOP Version 0.95,1149,0.0145
Qt 5.9.5,1143,0.0144
iOS Version 14.4.2 (Build 18D70) Quartz PDFContext,1140,0.0144
Acrobat Distiller 10.1.16 (Macintosh),1140,0.0144
PDFCreator 2.5.2.5233,1138,0.0143
3-Heights(TM) PDF Producer 1.91.6.0 (http://www.pdf-tools.com),1137,0.0143
Qt 5.12.4,1133,0.0143
iTextSharp™ 5.5.10 ©2000-2016 iText Group NV (AGPL-version); modified using iTex,1131,0.0143
Mac OS X 10.7.3 Quartz PDFContext,1128,0.0142
Acrobat Distiller 9.4.5 (Windows),1127,0.0142
Adobe Acrobat 8.0 Paper Capture Plug-in,1118,0.0141
Mac OS X 10.13.1 Quartz PDFContext,1117,0.0141
macOS Version 10.14.6 (Build 18G6032) Quartz PDFContext,1117,0.0141
Recoded by LuraDocument PDF v2.28,1117,0.0141
Adobe Acrobat 7.08 Paper Capture Plug-in,1116,0.0141
Corel PDF Engine Version 21.3.0.755,1112,0.014
LibreOffice 4.1,1112,0.014
Microsoft® PowerPoint® 2013,1112,0.014
Acrobat 4.0 Import Plug-in for Windows,1112,0.014
Mac OS X 10.6.6 Quartz PDFContext,1112,0.014
Acrobat Web Capture 15.0,1112,0.014
macOS Version 10.14.6 (Build 18G7016) Quartz PDFContext,1111,0.014
Adobe Acrobat 7.0 Paper Capture Plug-in,1109,0.014
RICOH MP C4504ex,1106,0.0139
KONICA MINOLTA bizhub C554e,1103,0.0139
Adobe Acrobat Pro 10.0.0,1101,0.0139
PDFlib 5.0.3 (C++/Win32),1101,0.0139
FPDF 1.83,1099,0.0139
Mac OS X 10.5.5 Quartz PDFContext,1097,0.0138
DocuWorks PDF Build 11,1097,0.0138
QuarkXPress(R) 8.5,1096,0.0138
Acrobat Distiller 9.5.0 (Windows),1092,0.0138
Adobe PDF Library 20.12.73,1091,0.0138
Mac OS X 10.8.4 Quartz PDFContext,1090,0.0137
Acrobat Distiller 3.0 for Power Macintosh,1090,0.0137
Acrobat Web Capture 9.0,1089,0.0137
Eastman Kodak Company,1088,0.0137
Xerox AltaLink C8055,1086,0.0137
TCPDF 6.0.099 (http://www.tcpdf.org),1085,0.0137
QuarkXPress(R) 7.31,1084,0.0137
"Sub Systems, Inc.",1083,0.0137
"htmldoc 1.8.28 Copyright 1997-2006 Easy Software Products, All Rights Reserved.",1076,0.0136
KONICA MINOLTA bizhub 363,1075,0.0136
Softplicity,1072,0.0135
Adobe Acrobat 7.05 Paper Capture Plug-in,1072,0.0135
GPL Ghostscript 9.07; modified using iTextSharp™ 5.4.2 ©2000-2012 1T3XT BVBA (AG,1069,0.0135
macOS Version 10.14.6 (Build 18G87) Quartz PDFContext,1067,0.0135
KONICA MINOLTA bizhub C360,1065,0.0134
Adobe Acrobat 7.08 Image Conversion Plug-in,1062,0.0134
PDFlib+PDI 8.0.5p2 (C++/Win64),1060,0.0134
3-Heights(TM) Image to PDF Converter Shell 5.9.1.5 (http://www.pdf-tools.com),1060,0.0134
PDFTron PDFNet,1058,0.0133
Qt 4.8.0 (C) 2011 Nokia Corporation and/or its subsidiary(-ies),1050,0.0132
Xerox WorkCentre 7225,1049,0.0132
Acrobat Distiller 10.1.5 (Windows); modified using iText® 5.3.5 ©2000-2012 1T3XT,1049,0.0132
dompdf 0.8.4 + CPDF,1047,0.0132
macOS Version 10.14.6 (Build 18G2022) Quartz PDFContext,1047,0.0132
Adobe PDF Scan Library 2.3,1045,0.0132
Adobe Acrobat Pro 11.0.0 Paper Capture Plug-in,1044,0.0132
pdfmake,1040,0.0131
OmniPage Pro 15 http://www.scansoft.com,1036,0.0131
PFU PDF Library 2.0.0,1034,0.013
pdfTeX-1.40.9,1032,0.013
PDFCreator Free 3.4.1,1031,0.013
GPL Ghostscript 9.20,1026,0.0129
QuarkXPress(R) 9.54r1,1026,0.0129
RICOH MP C3004ex,1023,0.0129
macOS Version 10.16 (Build 20D91) Quartz PDFContext,1022,0.0129
PDFill PDF Editor 14.0,1019,0.0128
Mac OS X 10.11.2 Quartz PDFContext,1017,0.0128
iText® 5.5.6 ©2000-2015 iText Group NV (AGPL-version),1016,0.0128
iText 1.3 by lowagie.com (based on itext-paulo-153),1013,0.0128
Microsoft® Word pro Office 365,1008,0.0127
pdfplot12.hdi 12.0.51.0,1007,0.0127
Corel PDF Engine Version 14.0.0.701,1002,0.0126
Aspose.Words for .NET 17.4.0.0,999,0.0126
Adobe LiveCycle Designer ES 9.0,992,0.0125
Adobe PDF Library 10.1,991,0.0125
Adobe PDF Library 5.0.5,988,0.0125
mPDF 5.7.1,984,0.0124
OpenOffice.org 2.3,984,0.0124
Acrobat Distiller 21.0 (Macintosh),978,0.0123
QuarkXPress(tm) 6.1,977,0.0123
Acrobat Elements 8.0.0 (Windows),976,0.0123
PDFlib+PDI 9.0.5 (Win32),975,0.0123
Antenna House PDF Output Library 7.0.1600; modified using iTextSharp™ 5.5.9 ©200,975,0.0123
ABBYY PDF Transformer+,975,0.0123
OpenOffice.org 3.4,973,0.0123
FREE PDFill PDF and Image Writer,967,0.0122
List Creator,966,0.0122
SAMBox 1.1.53 (www.sejda.org),965,0.0122
iText® 5.5.8 ©2000-2015 iText Group NV (ONLINE PDF SERVICES; licensed version),963,0.0121
My Image Garden,961,0.0121
EDGAR PDF Generator,960,0.0121
iTextSharp 4.1.7 by 1T3XT,958,0.0121
Xerox WorkCentre 7545,958,0.0121
Mac OS X 10.8.3 Quartz PDFContext,957,0.0121
Apache FOP Version 2.2,957,0.0121
Adobe Acrobat Pro 9.5.5,956,0.0121
Adobe Photoshop Elements for Windows -- Image Conversion Plug-in,955,0.012
PDFCreator 3.0.2.8660,955,0.012
ABBYY FineReader PDF 15,954,0.012
Acrobat Distiller 10.1.0 (Windows),953,0.012
Acrobat Distiller 5.00 for Macintosh,953,0.012
KONICA MINOLTA bizhub C558,952,0.012
WinDev 19.0 (19.0.76.2),950,0.012
Qt 5.11.3,940,0.0118
PDFCreator 3.1.2.10844,939,0.0118
GPL Ghostscript 9.15,938,0.0118
Mac OS X 10.9.3 Quartz PDFContext,936,0.0118
Acrobat 3.0 Import Plug-in,935,0.0118
Adobe PDF library 6.66,934,0.0118
Ikinari PDF 3.0.0.3,934,0.0118
Elsevier Editorial Ltda.,932,0.0117
Mac OS X 10.7.2 Quartz PDFContext,931,0.0117
Acrobat Distiller 10.1.8 (Windows); modified using iText® 5.3.5 ©2000-2012 1T3XT,928,0.0117
Adobe Acrobat 11.0.23 Image Conversion Plug-in,928,0.0117
vspdflib (www.visagesoft.com),925,0.0117
iText® 5.5.13 ©2000-2018 iText Group NV (Government Publishing Office; licensed ,922,0.0116
Adobe Acrobat 11.0 Image Conversion Plug-in,919,0.0116
Microsoft® Publisher pour Microsoft 365,919,0.0116
FOP 0.20.5,917,0.0116
"htmldoc 1.8.27 Copyright 1997-2006 Easy Software Products, All Rights Reserved.",917,0.0116
EAP XML Legislator v.  2.2.0.0,917,0.0116
Skia/PDF m66,916,0.0115
Corel PDF Engine Version 20.0.0.633,916,0.0115
GPL Ghostscript  9.0; modified using iTextSharp 5.0.5 (c) 1T3XT BVBA,913,0.0115
pdfTeX-1.40.11,912,0.0115
QuarkXPress(R) 8.0,909,0.0115
OpenOffice 4.1.0,907,0.0114
Corel PDF Engine Version 3.0.0.739,906,0.0114
PDFlib+PDI 9.1.2p1-i (OS X/macOS),904,0.0114
macOS Version 10.14.6 (Build 18G4032) Quartz PDFContext,902,0.0114
QuarkXPress(R) 8.12,901,0.0114
RICOH MP C3004,899,0.0113
PPAlambic (Distiller),899,0.0113
Adobe Acrobat Pro DC (32-bit) 21.1.20150,899,0.0113
htmldoc 1.9.8 Copyright 2011-2019 by Michael R Sweet,899,0.0113
Aspose.Pdf for .NET 8.3.0,899,0.0113
iTextSharp™ 5.4.5 ©2000-2013 1T3XT BVBA (AGPL-version),895,0.0113
iText® 7.1.1 ©2000-2018 iText Group NV (AGPL-version),894,0.0113
AFPL Ghostscript 8.51,894,0.0113
convertonlinefree.com,893,0.0113
Adobe Acrobat Pro DC (32-bit) 21.1.20145,893,0.0113
Microsoft Office,891,0.0112
macOS Version 11.2.3 (assemblage 20D91) Quartz PDFContext,890,0.0112
Adobe LiveCycle Designer 11.0,890,0.0112
Adobe PDF Library 10.0.1; modified using iText 4.2.0 by 1T3XT,890,0.0112
RAD PDF 3.11.0.0 - https://www.radpdf.com,890,0.0112
Aspose.PDF for .NET 19.6,887,0.0112
macOS Version 10.14.1 (Build 18B75) Quartz PDFContext,886,0.0112
pdfplot14.hdi 14.00.049.000,886,0.0112
Corel PDF Engine Version 14.0.0.567,885,0.0112
iText® 7.1.9 ©2000-2019 iText Group NV (AGPL-version),885,0.0112
LibreOffice 4.0,884,0.0111
macOS Version 11.0.1 (Build 20B29) Quartz PDFContext,883,0.0111
Mac OS X 10.12.1 Quartz PDFContext,883,0.0111
RICOH MP 402SPF,882,0.0111
3-Heights™ PDF Toolbox API 6.12.0.6 (http://www.pdf-tools.com),881,0.0111
OpenOffice 4.0.0,880,0.0111
macOS バージョン11.4（ビルド20F71） Quartz PDFContext,879,0.0111
Acrobat Distiller 10.1.15 (Windows),879,0.0111
TCPDF 5.9.195 (http://www.tcpdf.org),878,0.0111
QuarkXPress(R) 7.3,873,0.011
PDFlib 4.0.1 (Win32),873,0.011
MiKTeX pdfTeX-1.40.17,873,0.011
RICOH MP C2003,871,0.011
Skia/PDF m77,868,0.0109
Adobe Acrobat.com CombinePDF Service 1.0.0,868,0.0109
Bullzip PDF Printer / www.bullzip.com / Freeware Edition \(not registered\),867,0.0109
Corel PDF Engine Version 19.0.0.325,867,0.0109
Document Capture,864,0.0109
GPL Ghostscript 9.23,863,0.0109
Skia/PDF m75,862,0.0109
Acrobat PDFWriter 4.05 for Windows,861,0.0109
RICOH IM C4500,860,0.0108
Acrobat Distiller 8.2.0 (Windows),859,0.0108
TCPDF 5.9.202 (http://www.tcpdf.org),858,0.0108
QuarkXPress(R) 8.51,858,0.0108
PDF Architect 4,855,0.0108
macOS Version 10.14.6 (Build 18G1012) Quartz PDFContext,855,0.0108
LibreOffice 3.4,855,0.0108
PDFCreator 2.4.0.213,854,0.0108
Adobe PDF Library 5.0.4,854,0.0108
Adobe PDF Scan Library 2.2,853,0.0108
Mac OS X 10.9.1 Quartz PDFContext,851,0.0107
TCPDF 6.4.2 (http://www.tcpdf.org),851,0.0107
PDFlib+PDI 9.1.2p1-i (Win32),849,0.0107
Adobe LiveCycle PDF Generator,849,0.0107
Haru Free PDF Library 2.4.0dev,849,0.0107
Microsoft® Excel® voor Microsoft 365,846,0.0107
Microsoft® PowerPoint® für Office 365,843,0.0106
Skia/PDF m76,843,0.0106
TCPDF 6.3.1 (http://www.tcpdf.org),843,0.0106
mPDF 7.1.6,842,0.0106
EVO HTML to PDF Converter 5.19,841,0.0106
Adobe Acrobat Pro DC 18 Paper Capture Plug-in,840,0.0106
Acrobat Distiller 10.1.12 (Windows),839,0.0106
iText® 5.5.2 ©2000-2014 iText Group NV (ONLINE PDF SERVICES; licensed version),838,0.0106
Qt 5.3.2,837,0.0106
macOS Version 10.15.1 (Build 19B88) Quartz PDFContext,836,0.0105
Neevia Document Converter Pro v7.1.0.116 (http://neevia.com),834,0.0105
PDF Candy,833,0.0105
Acrobat Distiller 3.02,832,0.0105
mPDF 5.0,831,0.0105
Antenna House PDF Output Library 2.6.0 (Windows),825,0.0104
OpenOffice 4.1.9,824,0.0104
iTextSharp™ 5.5.13 ©2000-2018 iText Group NV (AGPL-version),824,0.0104
Microsoft® Access® 2010,823,0.0104
WorkCentre 7120,822,0.0104
Adobe Acrobat 8.1 Image Conversion Plug-in,821,0.0103
wPDF4 by WPCubed GmbH,820,0.0103
ScanSoft PDF Create! 3,818,0.0103
macOS Versie 11.4 (build 20F71) Quartz PDFContext,818,0.0103
Corel PDF Engine Version 22.0.0.412,815,0.0103
Adobe Acrobat Pro DC 20.13.20074,815,0.0103
pdfplot15.hdi 15.01.047.000,815,0.0103
Acrobat Distiller 10.0.1 (Windows),813,0.0102
XEP 4.30.915,812,0.0102
mPDF 7.1.0,812,0.0102
macOS Version 10.14.6 (Build 18G5033) Quartz PDFContext,808,0.0102
PaperPort 12,806,0.0102
iTextSharp™ 5.5.13.1 ©2000-2019 iText Group NV (AGPL-version),806,0.0102
xdvipdfmx (20200315),804,0.0101
KONICA MINOLTA bizhub C353,803,0.0101
Skia/PDF m73,802,0.0101
QuarkXPress(R) 12.23,797,0.01
Microsoft® Excel® 2013,796,0.01
PDFCreator 2.0.1.0,793,0.01
Microsoft® Word 2010 Trial,792,0.01
PDFsharp 1.50.4000-netstandard (https://github.com/ststeiger/PdfSharpCore),791,0.01
FlexCel Studio for the .NET Framework v.6.6.0.0,789,0.0099
Acrobat Distiller 10.0.0 (Macintosh),788,0.0099
QuarkXPress(R) 9.3,786,0.0099
Mac OS X 10.12 Quartz PDFContext,785,0.0099
Skia/PDF m72,783,0.0099
Corel PDF Engine Version 11.633,783,0.0099
Acrobat Distiller 6.0 for Macintosh,779,0.0098
OpenEdition PDF Server v2,777,0.0098
axesPDF® for Word,776,0.0098
xhtml2pdf <https://github.com/xhtml2pdf/xhtml2pdf/>,776,0.0098
PDFlib 4.0.3 + PDI (SunOS 5.8),775,0.0098
LibreOffice 3.6,774,0.0098
Xerox WorkCentre 5325,774,0.0098
EFI Cyclone,772,0.0097
GPL Ghostscript 8.62,772,0.0097
iText® 7.1.13 ©2000-2020 iText Group NV (AGPL-version); modified using iText® 7.,772,0.0097
Acrobat Distiller 10.1.14 (Windows),772,0.0097
Adobe PDF Library 20.1.68,769,0.0097
Mac OS X 10.12.2 Quartz PDFContext,769,0.0097
Microsoft® PowerPoint® per Microsoft 365,763,0.0096
Skia/PDF m82,762,0.0096
3-Heights(TM) PDF Optimization Shell 4.7.19.0 (http://www.pdf-tools.com),761,0.0096
Kodak Alaris Inc.,761,0.0096
RICOH MP C2011,760,0.0096
Adobe PSL 1.0e for Canon,757,0.0095
"5,0,0,255 1236832",754,0.0095
Adobe Acrobat 8.1 Paper Capture Plug-in,752,0.0095
RICOH MP C4504,751,0.0095
AFPL Ghostscript 8.13; modified using iText 2.1.7 by 1T3XT,751,0.0095
mPDF 5.3,751,0.0095
Xerox WorkCentre 5335,751,0.0095
Foxit Reader PDF Printer Version 6.1.0.0923,750,0.0095
Mac OS X 10.6.2 Quartz PDFContext,748,0.0094
mPDF 7.0.0,747,0.0094
Acrobat Distiller 15.0 (Macintosh),745,0.0094
Skia/PDF m69,744,0.0094
Neevia Document Converter Pro v6.9 (http://neevia.com),744,0.0094
KONICA MINOLTA bizhub 227,744,0.0094
SAMBox 1.1.41 (www.sejda.org),742,0.0094
PDFlib PLOP 4.0p4 (.NET/Win64),741,0.0093
iTextSharp™ 5.5.6 ©2000-2014 iText Group NV (AGPL-version),741,0.0093
Microsoft® Publisher 2013,739,0.0093
iText® 5.5.13 ©2000-2018 iText Group NV (AGPL-version),738,0.0093
Adobe PDF Library 20.1.73,737,0.0093
"macOS Version 11.4 (Build 20F71) Quartz PDFContext, AppendMode 1.1",737,0.0093
Acrobat Distiller 19.0 (Macintosh),737,0.0093
PDFCreator Free 3.4.0,736,0.0093
RICOH IM C2000,734,0.0093
macOS Versione 11.4 (Build 20F71) Quartz PDFContext,733,0.0092
Adobe PDF library 5.00,732,0.0092
GPL Ghostscript 8.60,731,0.0092
iTextSharp™ 5.5.13.2 ©2000-2020 iText Group NV (AGPL-version),728,0.0092
Microsoft® Publisher für Microsoft 365,728,0.0092
PDF Architect,727,0.0092
Apache FOP Version 2.0,727,0.0092
iTextSharp 5.2.1 (c) 1T3XT BVBA,727,0.0092
iTextSharp 5.0.5 (c) 1T3XT BVBA,726,0.0092
Foxit Reader PDF Printer Version 6.0.3.0513,725,0.0091
OpenOffice.org 2.2,725,0.0091
doPDF Ver 7.0 Build 323 (Windows XP Professional Edition  (Service Pack 2) - Ver,725,0.0091
Microsoft® Access® 2016,724,0.0091
Adobe Acrobat 8.1.2,724,0.0091
Xerox AltaLink C8035,724,0.0091
MiKTeX pdfTeX-1.40.12,722,0.0091
Acrobat PDFWriter 3.0 for Windows,719,0.0091
tFPDF 1.25,718,0.0091
iText 1.5.2 (release for Eclipse/BIRT by lowagie.com),717,0.009
Acrobat Distiller 8.2.2 (Windows),717,0.009
3-Heights(TM) PDF Optimization Shell 4.6.23.0 (http://www.pdf-tools.com),715,0.009
Adobe Acrobat 7.1 Image Conversion Plug-in,714,0.009
Apache FOP Version 2.1,714,0.009
sspdflib 1.0 http://www.scansoft.com,714,0.009
Adobe LiveCycle Designer ES 8.2,714,0.009
DynaPDF 3.0.32.82,712,0.009
GNU Ghostscript 7.07,712,0.009
ScanSoft OmniPage 16,712,0.009
iTextSharp™ 5.5.8 ©2000-2015 iText Group NV (AGPL-version),712,0.009
MiKTeX pdfTeX-1.40.14,711,0.009
Adobe Acrobat 8.12 Paper Capture Plug-in,707,0.0089
HP Digital Sending Device,706,0.0089
http://www.convertapi.com,704,0.0089
Acrobat Distiller Command 3.01 for Solaris 2.3 and later (SPARC),703,0.0089
Microsoft® Word 2013; modified using iText® 5.5.11 ©2000-2017 iText Group NV (AG,702,0.0088
Foxit Mobile PDF,701,0.0088
DynamicPDF for Java v4.0.3,699,0.0088
AFPL Ghostscript 6.50,699,0.0088
Antenna House PDF Output Library 6.5.1231 (Linux64),699,0.0088
Adobe Acrobat 9.0.0,696,0.0088
PDF Architect 5,695,0.0088
"PDFTron PDFNet, V5.9",694,0.0087
PDFsharp 1.2.1269-g (www.pdfsharp.com),693,0.0087
TCPDF 5.9.179 (http://www.tcpdf.org),693,0.0087
Mac OS X 10.5.7 Quartz PDFContext,692,0.0087
QuarkXPress(R) 16.33,691,0.0087
Debenu Quick PDF Library 10.14 (www.debenu.com),690,0.0087
Aspose.Words for Java 17.5,690,0.0087
pisa HTML to PDF <http://www.htmltopdf.org>,689,0.0087
api.ilovepdf.com,689,0.0087
PDFlib Lite 7.0.5p3 (PHP5/Linux-x86_64),688,0.0087
Skia/PDF m71,687,0.0087
KONICA MINOLTA bizhub C253,686,0.0086
OpenOffice 4.1.8,685,0.0086
Adobe PDF Library 15.0; modified using iText 4.2.0 by 1T3XT,684,0.0086
PDFlib+PDI 7.0.2p3 (Win32),684,0.0086
TCPDF 6.0.061 (http://www.tcpdf.org),683,0.0086
iText® 5.5.11 ©2000-2017 iText Group NV (AGPL-version),683,0.0086
Microsoft® Visio® 2016,682,0.0086
Corel PDF Engine Version 9.654,682,0.0086
PDFCreator Free 4.0.3,681,0.0086
3-Heights™ PDF Merge Split Shell 6.12.1.11 (http://www.pdf-tools.com),680,0.0086
PDFsharp 1.31.1789-g (www.pdfsharp.com),680,0.0086
Mac OS X 10.6.3 Quartz PDFContext,677,0.0085
SAS Institute Inc.,677,0.0085
RICOH IM C3000,675,0.0085
iText® 5.4.5 ©2000-2013 1T3XT BVBA (AGPL-version),674,0.0085
KONICA MINOLTA bizhub C658,674,0.0085
Microsoft Reporting Services PDF Rendering Extension 14.0.0.0,673,0.0085
macOS Versione 11.2.3 (Build 20D91) Quartz PDFContext,673,0.0085
Microsoft® PowerPoint® pour Office 365,672,0.0085
cairo 1.15.10 (http://cairographics.org),672,0.0085
"XnView, http://www.xnview.com",671,0.0085
EVO HTML to PDF Converter 6.11,671,0.0085
Corel PDF Engine Version 21.0.0.593,671,0.0085
OpenPDF,669,0.0084
Acrobat 4.05 Import Plug-in for Windows,669,0.0084
KONICA MINOLTA bizhub 283,667,0.0084
pdfplot16.hdi 16.00.047.00000,667,0.0084
ECAT,667,0.0084
PDFlib+PDI 9.1.2p4 (C++/Win64),666,0.0084
Adobe Acrobat 11.0.23,664,0.0084
Skia/PDF m74,663,0.0084
Adobe Acrobat Pro 10.1.1,663,0.0084
iTextSharp 5.1.3 (c) 1T3XT BVBA,662,0.0083
Microsoft® Word pre Microsoft 365,662,0.0083
Gnostice eDocEngine V3.0.4.266,659,0.0083
"JagPDF 1.5.0, http://jagpdf.org",659,0.0083
Corel PDF Engine Version 16.4.1.1281,658,0.0083
Mac OS X 10.10 Quartz PDFContext,657,0.0083
ScanSoft PDF Create! 6,656,0.0083
OpenOffice 4.1.4,656,0.0083
QuarkXPress(R) 8.02,655,0.0083
