file,genre,status,words,ocr_conf,tamper_px_pct,tamper_bbox_pct,width,height
2064207146a,email,ok,44,75.5,0.0194,0.038,754,1000
2064207579a,email,ok,135,68.2,0.0878,0.163,754,1000
2067238977,email,ok,68,87.3,0.4773,8.654,754,1000
2067618492_2067618493,email,ok,311,83.2,0.4905,0.972,802,1000
2067679886,email,ok,162,75.2,0.5995,36.239,754,1000
2067686553,email,ok,154,75.2,0.1858,0.412,754,1000
2067712430,email,ok,244,81.8,0.6533,3.86,754,1000
2070046307a,email,ok,90,81.1,0.272,5.305,754,1000
2070055167d,email,ok,101,91.0,0.1277,0.36,754,1000
2070229300,email,ok,270,88.4,0.982,1.704,754,1000
2070361244,email,ok,96,85.7,0.1797,0.312,754,1000
2070437930d_7931,email,ok,71,87.6,1.1614,2.154,754,1000
2070699016,email,ok,90,90.0,0.2805,5.045,754,1000
2071279280_9280a,email,ok,45,78.4,0.2866,0.633,754,1000
2071420588,email,ok,383,90.0,1.2377,42.646,754,1000
2071863991d,email,ok,96,81.0,0.4111,2.459,754,1000
2071864008a,email,ok,71,87.2,0.1111,0.255,754,1000
2072217485,email,ok,37,66.8,0.1255,0.259,754,1000
2072334910c_4911,email,ok,111,74.9,0.2172,0.522,754,1000
2072389113b,email,ok,66,79.6,0.1017,0.204,754,1000
2072436611,email,ok,50,86.9,0.1322,2.951,754,1000
2072597633,email,ocr_below_gate,23,76.3,0.2229,4.231,754,1000
2072796336c,email,ocr_below_gate,22,85.6,0.1025,0.248,754,1000
2072815594a,email,ok,69,77.7,0.089,0.201,754,1000
2073788894,email,ok,85,70.1,0.121,0.222,754,1000
2073806199d,email,ok,35,78.2,0.0964,0.201,754,1000
2073813674a,email,ocr_below_gate,29,52.5,0.0195,0.048,754,1000
2074162425a,email,ok,103,65.9,0.1237,0.223,754,1000
2074590340a,email,ocr_below_gate,39,49.2,0.0716,0.178,754,1000
2074651324c,email,ok,27,73.0,1.5955,20.861,754,1000
2074669877,email,ok,105,87.6,0.1092,0.221,754,1000
2074787886a,email,ok,168,73.0,6.2874,57.623,754,1000
2074853115b_3116,email,ok,66,76.2,0.1798,3.845,754,1000
2074941879,email,ok,82,55.6,0.2236,2.545,754,1000
2075029957b,email,ok,79,81.5,0.7663,5.944,754,1000
2075060349,email,ok,38,84.3,0.2183,18.931,754,1000
2075574129b_4130,email,ok,130,85.2,0.4344,0.772,754,1000
2075574320a_4326,email,ok,127,86.8,0.1573,0.314,754,1000
2076143292a,email,ok,66,73.8,0.0537,0.106,754,1000
2076152477e,email,ok,36,75.0,0.0645,0.099,754,1000
2076796036,email,ok,85,88.1,0.1985,2.171,754,1000
2076861667a,email,ok,142,88.2,0.2887,0.507,754,1000
2076890467,email,ok,132,89.3,0.1696,0.351,754,1000
2076900650,email,ok,81,84.0,0.1405,4.482,754,1000
2076999660c,email,ok,30,90.3,0.0824,0.157,754,1000
2077620841a,email,ok,57,69.3,0.107,0.215,754,1000
2077620862c_0863,email,ok,306,81.8,0.4346,0.875,754,1000
2077986647a,email,ok,57,76.3,0.05,0.09,754,1000
2078021052a,email,ok,58,59.1,0.0243,0.048,754,1000
2078123201c,email,ok,32,79.7,0.2166,0.39,754,1000
2078165311a_5312,email,ok,244,87.9,0.3804,0.925,754,1000
2078186233a,email,ok,171,85.0,0.558,1.797,754,1000
2078193737,email,ok,75,75.9,0.109,2.714,754,1000
2078199131a,email,ok,46,83.5,0.0432,2.98,754,1000
2078199258b,email,ok,153,78.3,0.1057,0.838,802,1000
2078206713d,email,ok,32,57.3,0.0841,0.684,754,1000
2078207760,email,ok,240,89.3,0.5745,13.137,754,1000
2078209404,email,ok,36,72.3,0.0694,0.378,754,1000
2078306027,email,ok,110,75.8,0.3444,0.821,754,1000
2078310297,email,ok,25,83.2,0.0435,0.084,754,1000
2078313974,email,ok,205,89.7,0.5659,3.975,754,1000
2078336987,email,ok,64,82.6,0.0989,1.406,754,1000
2078379381a,email,ok,335,77.8,0.1355,3.582,754,1000
2078427563a_7565,email,ocr_below_gate,87,44.3,0.0793,0.972,754,1000
2078439651,email,ok,94,78.7,0.0683,0.637,754,1000
2078445819,email,ok,67,77.5,0.1098,0.59,754,1000
2078460440,email,ok,35,74.4,0.0309,0.394,754,1000
2078563452_3453,email,ok,328,89.4,0.3882,28.059,754,1000
2078584100,email,ok,56,79.6,0.0561,0.392,754,1000
2078611247,email,ok,232,83.8,0.5569,19.548,754,1000
2078712079,email,ok,53,85.0,0.1145,1.821,754,1000
2078718785b,email,ok,288,78.0,0.4525,6.283,754,1000
2078738415,email,ok,85,78.3,0.1268,3.062,754,1000
2078738426,email,ok,84,86.0,0.0785,1.903,754,1000
2078776378,email,ok,66,85.7,0.0593,0.713,754,1000
2078778038,email,ok,53,87.2,0.1456,2.196,754,1000
2078791283,email,ok,31,71.9,0.0674,3.162,754,1000
2078802274,email,ocr_below_gate,18,76.4,0.0373,0.067,754,1000
2078829415,email,ok,231,79.1,0.1959,5.72,754,1000
2078868211,email,ok,31,79.0,0.0544,0.127,754,1000
2078870222,email,ok,95,88.7,0.1312,1.899,754,1000
2078873173,email,ok,42,86.2,0.118,0.557,754,1000
2078874498,email,ok,37,85.5,0.1472,1.687,754,1000
2078875030,email,ok,124,87.9,0.3493,7.056,754,1000
2078876592,email,ok,191,86.8,0.0854,1.739,754,1000
2080199276a_9277,email,ok,387,70.6,0.274,0.455,754,1000
2080436359b_6360,email,ok,106,85.5,0.1564,0.635,754,1000
2080787169,email,ok,58,90.2,0.1349,1.235,754,1000
2080843299,email,ok,79,84.3,0.0989,1.048,754,1000
2080920004a,email,ok,422,67.1,0.2484,0.586,754,1000
2081172407a,email,ok,202,79.1,0.0659,0.115,754,1000
2081183829c_3830,email,ok,163,78.5,0.0814,3.467,754,1000
2081484345,email,ok,48,82.8,0.0386,0.078,754,1000
2081493039b,email,ok,36,66.3,0.0667,0.117,754,1000
2081502580,email,ok,27,82.4,0.039,0.084,754,1000
2081505304,email,ok,172,79.6,0.2113,9.544,754,1000
2081995794b,email,ok,39,65.9,0.055,0.091,754,1000
2082058850a,email,ok,40,74.2,0.0328,0.066,754,1000
2082066425a,email,ok,146,70.6,0.4522,0.847,802,1000
2082108151,email,ok,86,82.5,0.119,0.473,754,1000
2082197125,email,ok,208,81.6,0.3113,3.084,754,1000
2082713618b,email,ok,219,66.2,0.316,8.325,754,1000
2082835153c,email,ok,135,61.8,0.0751,0.647,754,1000
2082919511a,email,ok,113,86.8,0.061,1.875,754,1000
2082921074a,email,ok,147,76.0,0.2858,2.657,754,1000
2082981534c,email,ok,33,82.4,0.0497,0.092,754,1000
2083183184a,email,ok,122,85.7,0.468,10.096,754,1000
2083291895b_1896,email,ok,185,80.7,0.394,8.762,754,1000
2083292422a,email,ok,50,70.9,0.484,5.6,754,1000
2083318286a,email,ok,37,86.6,0.3312,0.681,754,1000
2083318705a,email,ok,62,69.7,0.337,4.639,754,1000
2083319555a,email,ok,36,87.3,0.1085,2.379,754,1000
2083634643c,email,ok,73,77.6,0.3324,0.798,754,1000
2083647354a,email,ok,77,73.7,0.1117,0.748,754,1000
2083647591b,email,ok,65,71.7,0.4321,4.484,754,1000
2083647735c,email,ok,67,82.2,0.0398,0.096,754,1000
2083648056b,email,ok,33,56.2,0.082,0.223,754,1000
2083648404a,email,ok,50,75.7,0.0621,1.071,754,1000
2084033388c,email,ocr_below_gate,193,51.7,0.122,0.236,754,1000
2084054554a,email,ok,226,88.7,0.1914,8.45,754,1000
523166849+-6849,email,ok,117,89.6,8.107,97.613,754,1000
524064628+-4628,email,ok,73,82.9,0.0115,0.016,754,1000
526457032+-7033,email,ok,235,65.9,0.2618,3.585,754,1000
527792930+-2930,email,ok,48,83.2,0.0593,0.083,754,1000
527814380+-4380,email,ok,69,89.0,0.1316,0.251,754,1000
527826533+-6533,email,ok,32,86.3,0.0451,0.063,754,1000
527826573+-6574,email,ok,307,84.8,0.8074,1.724,754,1000
527865252+-5252,email,ok,43,86.0,0.0834,0.202,754,1000
527865346+-5347,email,ok,144,86.0,0.2611,0.721,754,1000
527868157+-8206,email,ok,366,76.8,0.2015,5.519,754,1000
527907594+-7594,email,ok,47,86.4,4.7741,92.684,754,1000
527913905+-3905,email,ok,269,88.8,0.0334,0.055,754,1000
528006336+-6336,email,ok,166,91.5,0.0138,0.022,754,1000
528008062+-8062,email,ok,74,79.0,0.0365,0.059,754,1000
528016823+-6823,email,ok,206,86.2,0.4174,0.812,754,1000
528023163+-3163,email,ok,232,86.5,0.1663,0.412,754,1000
528026434+-6434,email,ok,36,84.5,0.0389,0.068,754,1000
528028533+-8534,email,ok,337,82.4,0.3679,0.711,754,1000
528343357+-3358,email,ok,322,89.7,0.091,0.21,754,1000
528348116+-8116,email,ok,99,84.1,0.334,2.812,754,1000
528395935+-5935,email,ok,116,77.7,0.0671,0.133,754,1000
528399921+-9921,email,ok,125,88.2,0.0324,0.057,754,1000
528403451+-3453,email,ok,342,79.3,0.1923,3.001,754,1000
528407164+-7164,email,ok,63,85.4,0.0545,0.086,754,1000
528414425+-4431,email,ocr_below_gate,24,69.5,0.1741,0.576,754,1000
528432180+-2180,email,ok,50,81.9,0.1085,0.221,754,1000
528583179+-3179,email,ok,104,86.6,0.0298,0.052,754,1000
528693250+-3251,email,ok,408,90.7,0.0655,4.428,754,1000
528748157+-8157,email,ok,160,90.1,0.1304,2.813,754,1000
528759006+-9007,email,ok,267,90.0,0.1869,1.048,754,1000
528790254+-0260,email,ok,97,77.8,0.1329,6.469,754,1000
528795352+-5352,email,ok,216,74.8,0.1106,0.243,754,1000
528797477+-7478,email,ok,32,81.9,0.0138,0.051,754,1000
528798018+-8018,email,ok,153,87.3,0.0341,0.053,754,1000
528806817+-6824,email,ok,180,82.9,0.1877,3.15,754,1000
528808446+-8446,email,ok,132,88.9,0.148,1.629,754,1000
528832035+-2035,email,ok,41,84.8,0.0275,0.063,754,1000
528853966+-3966,email,ok,37,81.4,0.0527,0.083,754,1000
528868015+-8016,email,ok,87,85.8,0.1477,0.48,754,1000
528897844+-7847,email,ok,78,86.0,0.2533,0.609,754,1000
528981650+-1651,email,ok,377,85.5,0.4887,1.165,754,1000
529210325+-0326,email,ok,54,83.5,0.1585,0.73,754,1000
529319719+-9719,email,ok,36,80.8,0.1443,0.298,754,1000
529336494+-6496,email,ok,136,81.7,0.0614,0.108,754,1000
530248760+-8760,email,ok,68,83.1,0.2484,3.955,754,1000
530274849+-4851,email,ok,307,88.5,0.1228,0.282,754,1000
530285747+-5749,email,ok,343,90.9,0.4182,25.597,754,1000
530289371+-9384,email,ok,356,88.1,0.155,3.369,754,1000
530299585+-9585,email,ok,82,88.9,0.3653,0.912,754,1000
530542123+-2123,email,ok,276,71.4,0.4468,1.208,754,1000
530774974+-4976,email,ok,256,90.6,0.3908,0.881,754,1000
530776501+-6501,email,ok,71,81.5,0.0342,0.057,754,1000
530905773+-5774,email,ok,68,85.4,0.1252,0.297,754,1000
530970428+-0428,email,ok,146,92.2,0.3877,0.995,754,1000
530971275+-1276,email,ok,339,85.8,0.0202,0.035,754,1000
531244393+-4394,email,ok,269,90.8,0.0485,0.15,754,1000
531295618+-5618,email,ok,36,82.8,0.031,0.053,754,1000
531295788+-5788,email,ok,271,89.9,0.429,1.046,754,1000
531320619+-0670,email,ok,27,82.5,0.0337,0.098,754,1000
531326623+-6626,email,ok,51,86.4,0.0485,0.15,754,1000
531415644+-5679,email,ok,268,89.3,0.4772,1.109,754,1000
531416209+-6242,email,ok,133,91.8,0.4345,1.008,754,1000
531536178+-6178,email,ok,168,92.7,0.2479,0.745,754,1000
531571089+-1090,email,ok,192,91.5,0.0631,15.0,754,1000
531572389+-2390,email,ok,148,90.7,0.0529,0.131,754,1000
531604736+-4738,email,ok,58,91.1,0.0793,42.65,754,1000
531605859+-5866,email,ok,219,77.4,0.3846,47.374,754,1000
531716126+-6129,email,ok,372,90.1,0.5208,63.963,754,1000
81873878,email,ok,86,69.2,0.0939,0.277,802,1000
81875447,email,ok,95,55.4,0.0976,0.195,802,1000
856173,email,ocr_below_gate,239,48.0,0.3413,0.907,762,1000
0000980962,form,ocr_below_gate,16,32.6,0.169,0.405,762,1000
0001439080,form,ok,145,60.3,0.2083,0.467,762,1000
0001439146,form,ok,132,63.1,0.0307,0.057,762,1000
0001484223,form,ocr_below_gate,92,38.6,0.0981,0.167,771,1000
00043194,form,ok,274,81.7,0.1696,0.375,774,1000
0060064594,form,ok,89,63.6,0.0155,0.03,762,1000
0060070568,form,ocr_below_gate,16,49.0,0.0109,0.017,762,1000
0060078348,form,ok,163,55.5,0.1688,34.29,762,1000
0060080004,form,ok,201,61.3,0.1445,0.28,762,1000
0060094754,form,ok,128,58.8,0.0449,0.257,762,1000
0060096842,form,unaligned_or_identical,0,0.0,0.0,0.0,0,0
0071036270,form,ok,130,74.7,0.0146,0.462,762,1000
00922178,form,unaligned_or_identical,0,0.0,0.0,0.0,0,0
01073843,form,ok,152,55.5,0.0263,0.074,778,1000
01129514,form,ocr_below_gate,30,34.3,0.746,16.441,778,1000
03758562,form,ocr_below_gate,59,39.1,0.0988,2.677,766,1000
2022911194_2022911196,form,ok,261,55.8,0.2032,3.933,777,1000
2022916255,form,ok,72,55.3,0.2519,0.709,754,1000
2022925192,form,ok,70,65.8,0.066,12.189,797,1000
2024003102,form,ok,50,71.0,0.1284,8.89,777,1000
2024795599,form,ok,198,90.1,0.1031,0.234,778,1000
2024797733_2024797736,form,ok,107,80.8,0.0874,16.621,785,1000
2024847849,form,ok,218,87.6,0.2247,0.422,777,1000
2025325926,form,ok,219,72.7,0.1419,10.591,782,1000
2025895776_2025895777,form,ocr_below_gate,103,45.3,0.1082,0.555,773,1000
2025989284,form,ok,117,64.2,0.0777,3.492,777,1000
2026365190,form,ocr_below_gate,189,35.6,0.0436,0.09,777,1000
2026365726_2026365730,form,ok,128,82.0,0.1115,0.287,777,1000
2026403653,form,ok,128,56.4,0.0416,0.429,777,1000
2028593752,form,ok,154,74.2,0.1046,11.525,785,1000
2028822458,form,unaligned_or_identical,0,0.0,0.0,0.0,0,0
2028832689,form,ocr_below_gate,150,34.3,0.1282,0.315,777,1000
2028834250,form,ocr_below_gate,96,47.5,0.0996,0.28,777,1000
2028874362,form,unaligned_or_identical,0,0.0,0.0,0.0,0,0
2028877560,form,ok,264,76.0,0.8758,37.56,777,1000
2028879950,form,unaligned_or_identical,0,0.0,0.0,0.0,0,0
2029026050,form,unaligned_or_identical,0,0.0,0.0,0.0,0,0
2029178977_8978,form,ok,71,57.8,0.0804,2.218,754,1000
2029244376,form,ocr_below_gate,73,36.1,0.1039,0.602,779,1000
2029256816,form,ocr_below_gate,102,55.0,0.1221,0.309,777,1000
2030016748,form,ocr_below_gate,119,32.9,0.3708,10.898,763,1000
2030032768,form,ok,167,61.1,0.2312,0.364,759,1000
2030169739,form,ok,62,70.3,0.07,0.105,761,1000
2030310694,form,ocr_below_gate,114,45.5,0.0848,3.308,765,1000
2030354150_2030354151,form,ok,123,56.6,0.0418,1.743,777,1000
2030474320_2030474321,form,ocr_below_gate,181,51.0,0.1776,33.139,789,1000
2030585665,form,ok,238,76.2,0.0654,0.1,769,1000
2041793215,form,ocr_below_gate,92,54.3,0.1767,8.906,847,1000
2041818075,form,ok,32,58.4,0.3647,1.144,848,1000
2041916748,form,ok,108,59.0,0.2121,5.475,754,1000
2043429012,form,ok,73,81.7,0.072,0.14,776,1000
2043460294-a_2043460294-b,form,ocr_below_gate,334,26.3,0.1511,0.284,785,1000
2045468000,form,ok,102,65.9,0.213,15.049,794,1000
2046039536,form,ok,56,63.5,0.1546,0.521,754,1000
2046334702,form,ok,151,90.6,0.1611,0.497,754,1000
2046546273_6274,form,ok,108,71.1,0.1027,0.183,754,1000
2046807556,form,ok,101,56.3,0.1821,3.531,754,1000
2048579812,form,ocr_below_gate,84,38.2,0.1059,18.981,792,1000
2050017459,form,ocr_below_gate,123,43.9,0.1935,15.579,626,1000
2050642989_2050642992,form,ok,86,55.3,0.0966,1.487,645,1000
2050661828,form,ocr_below_gate,59,45.7,11.8061,97.35,611,1000
2050755264,form,ok,80,67.4,0.143,2.809,777,1000
2051390781,form,ocr_below_gate,112,37.2,0.0837,17.801,781,1000
2053464388_4389,form,ok,100,85.8,0.0995,0.159,754,1000
2054519026_2054519028,form,ok,82,84.7,0.0599,1.916,781,1000
2054630175,form,ok,127,87.3,0.1089,45.636,774,1000
2054949716_2054949717,form,unaligned_or_identical,0,0.0,0.0,0.0,0,0
2055114663,form,ok,106,80.2,0.1361,10.767,848,1000
2055401021,form,ok,198,70.0,0.2201,16.723,787,1000
2058144620,form,ocr_below_gate,115,54.6,0.1605,10.435,780,1000
2061667701,form,ok,55,71.9,0.0443,0.102,779,1000
2061669019,form,ocr_below_gate,140,52.6,0.2578,24.237,785,1000
2061832180,form,ok,199,75.4,0.3829,2.51,788,1000
2062123298,form,ocr_below_gate,34,51.0,0.1752,5.474,794,1000
2062472781,form,ok,90,88.0,0.0487,0.084,764,1000
2063196638,form,ok,394,63.0,0.3911,26.234,802,1000
2063304296,form,ok,316,70.0,0.3094,23.099,754,1000
2063306907_6908,form,ok,177,57.1,0.4345,11.229,754,1000
2064231290,form,ok,270,65.4,0.4007,0.833,754,1000
2064342657,form,ok,127,82.1,0.0668,0.099,754,1000
2064510336,form,ok,261,65.8,0.4099,0.864,754,1000
2064812263,form,ok,54,68.9,0.1402,2.093,754,1000
2064847064,form,ok,105,61.8,0.1179,7.112,754,1000
2065063657_3658,form,ok,233,68.9,0.2105,5.687,754,1000
2065129105,form,ocr_below_gate,150,46.4,0.1964,5.908,754,1000
2065282836,form,ok,122,77.6,0.0939,0.137,754,1000
2065329469,form,ok,164,66.4,0.1475,0.448,754,1000
2065337370,form,ocr_below_gate,60,51.2,0.1645,0.337,754,1000
2065360166,form,ocr_below_gate,103,46.3,0.2515,6.302,754,1000
2069554151,form,ok,167,82.2,0.0915,0.205,754,1000
2069584064,form,ok,69,78.7,0.2094,39.236,754,1000
2070316542,form,ok,128,92.4,0.5272,1.122,754,1000
2070708848,form,ok,114,82.3,1.0239,9.632,754,1000
2070710128,form,ocr_below_gate,61,40.2,0.1073,0.202,754,1000
2071154490,form,ok,196,57.6,0.042,0.103,754,1000
2071218251,form,ok,48,71.4,0.0422,0.14,754,1000
2071258067,form,ok,158,76.3,0.0954,6.302,754,1000
2071517750,form,ok,204,70.1,0.1654,21.731,754,1000
2071789756,form,ok,98,73.8,0.0806,0.125,754,1000
2071972159,form,ok,152,83.3,0.0764,0.143,754,1000
2072682793_2794,form,ok,295,70.1,0.1684,24.977,754,1000
2072795857,form,ok,152,71.1,0.1729,20.021,754,1000
2072822511_2512,form,ok,186,71.3,0.1423,6.187,754,1000
2073085423,form,ok,144,84.8,0.1458,1.577,754,1000
2073184183,form,ok,120,78.3,0.1232,1.692,754,1000
2073316290,form,ok,103,59.1,0.3334,5.037,754,1000
2073701388,form,ok,38,76.3,0.1109,1.556,754,1000
2073712955,form,ocr_below_gate,411,50.8,0.1889,21.978,754,1000
2074249645_9646,form,ok,219,55.9,0.1714,18.7,754,1000
2074657875,form,ok,331,67.7,0.1805,0.528,754,1000
2074666677,form,ok,242,64.6,0.1776,1.747,754,1000
2074693116,form,ok,152,92.1,0.0923,0.181,754,1000
2074752007,form,ok,134,86.4,0.1469,0.297,754,1000
2074849687,form,ok,147,60.7,0.0606,0.088,754,1000
2075301965_1966,form,ok,161,78.8,0.2092,24.224,754,1000
2075371538,form,ok,41,71.4,0.0883,6.786,754,1000
2075461096,form,ok,91,63.4,0.1101,0.651,754,1000
2075487553,form,ok,65,72.3,0.028,0.045,754,1000
2075579431,form,ok,55,70.7,0.0215,0.035,754,1000
2077127773,form,ok,103,79.6,0.0381,0.069,754,1000
2077189526,form,ok,255,79.7,0.3117,14.215,754,1000
2077306630,form,ok,65,60.4,0.0662,11.415,754,1000
2077785647,form,ok,229,64.0,0.5479,21.489,754,1000
2077788970_8971,form,ok,262,63.3,0.1737,11.209,754,1000
2077852530,form,ok,210,80.5,0.2954,17.862,754,1000
2078637086_7087,form,ok,130,72.7,0.0623,18.668,754,1000
2080024502,form,ok,127,83.7,0.0668,0.143,754,1000
2080464525,form,ok,265,78.0,0.1683,22.207,754,1000
2080475727,form,ok,82,62.8,0.0532,11.685,754,1000
2080958385,form,ok,158,73.4,0.1844,1.348,754,1000
2081532568,form,ocr_below_gate,42,49.4,0.1391,1.751,754,1000
2081977143,form,ok,46,78.4,0.1443,0.276,802,1000
2082226801,form,ocr_below_gate,55,39.5,0.0243,0.033,754,1000
2082424994,form,ok,249,73.9,0.1328,2.86,754,1000
2083397497,form,ok,125,71.0,0.1609,6.22,754,1000
2083813274,form,ok,78,64.2,0.0622,10.467,754,1000
2083838624,form,ok,74,66.5,0.0493,0.129,754,1000
2084085291,form,ok,49,70.6,0.1362,0.43,754,1000
2084090727,form,ok,55,60.8,0.204,0.658,754,1000
2084093448,form,ocr_below_gate,56,33.8,0.0255,0.044,754,1000
2084107590,form,ocr_below_gate,63,33.4,0.0357,0.175,754,1000
2084108049,form,ocr_below_gate,56,48.4,0.0164,0.024,754,1000
2084111300,form,ocr_below_gate,75,53.6,0.0528,0.54,754,1000
2084609948,form,ok,65,66.5,0.0223,0.033,754,1000
2086078706,form,ok,69,87.0,0.1582,5.874,754,1000
2086079145,form,ok,94,77.5,0.1172,0.434,754,1000
2086080681,form,ok,110,80.2,0.0801,3.191,754,1000
2086082984,form,ocr_below_gate,192,51.1,0.1898,0.291,754,1000
2086086547,form,ok,166,65.9,0.0484,0.126,754,1000
2500053972,form,ok,60,81.5,0.1757,4.804,771,1000
2501231409,form,ocr_below_gate,97,36.8,0.2181,13.531,725,1000
2501277134_2501277135,form,ok,87,68.5,0.0815,0.147,802,1000
2502174466,form,ok,77,72.4,0.0842,3.048,754,1000
2503000390,form,ok,97,76.6,0.0487,0.072,794,1000
2504027415,form,ok,123,59.3,0.0694,0.165,754,1000
2505103251,form,ok,72,76.2,0.0146,0.02,754,1000
2505123021,form,ok,131,64.6,0.1031,0.259,754,1000
2505146601,form,ok,123,74.3,0.0284,0.047,754,1000
2505149051_9052,form,ocr_below_gate,224,39.6,0.1873,12.335,754,1000
2505158951,form,ok,33,68.9,0.5277,30.63,754,1000
2505158993,form,ok,55,58.0,0.2309,11.712,754,1000
2505163123,form,ok,107,60.0,0.1408,3.734,754,1000
2505203784,form,ok,220,64.8,0.23,39.945,754,1000
2505233933_3934,form,ok,86,82.1,0.2655,21.358,754,1000
2505233972_3973,form,ok,124,84.2,0.1243,18.985,754,1000
2505287858,form,ok,166,83.1,0.185,14.542,754,1000
2505336733,form,unaligned_or_identical,0,0.0,0.0,0.0,0,0
2505396023,form,ok,83,64.3,0.1081,3.39,754,1000
2505406844,form,ok,82,64.6,0.0951,10.791,754,1000
2505411616,form,ok,87,62.0,0.0934,1.294,754,1000
2505411672,form,ok,68,63.9,0.0344,0.049,754,1000
2505411799_1800,form,ok,135,79.1,0.1354,12.95,754,1000
2505434022,form,ok,51,71.4,0.0775,0.667,754,1000
501200033,form,ok,188,76.5,0.1516,0.313,796,1000
502526100,form,unaligned_or_identical,0,0.0,0.0,0.0,0,0
502942125+-2125,form,ocr_below_gate,84,34.8,0.2763,15.454,754,1000
505758993+-8996,form,ok,356,75.0,0.2897,25.872,754,1000
506053435+-3435,form,ok,85,83.5,0.0263,0.064,754,1000
506077522+-7525,form,ok,131,77.6,0.2638,43.076,754,1000
506319593,form,ocr_below_gate,110,43.8,0.072,11.202,763,1000
507257942+-7942,form,ocr_below_gate,219,34.7,0.5345,1.898,754,1000
507562635+-2640,form,unaligned_or_identical,0,0.0,0.0,0.0,0,0
508881563+-1563,form,ok,116,66.5,0.055,0.121,754,1000
510806648,form,ok,208,66.9,0.1922,2.011,778,1000
511995576_511995578,form,ok,229,93.5,0.2234,0.616,781,1000
512421308_512421309,form,ok,227,81.4,0.4206,7.232,793,1000
512562990_512562991,form,ok,31,69.5,0.1138,0.376,775,1000
512718981_512718984,form,ok,217,90.9,0.3619,16.54,787,1000
512873930,form,unaligned_or_identical,0,0.0,0.0,0.0,0,0
512980631,form,ok,263,63.4,0.1793,32.74,778,1000
513269283,form,ok,120,66.9,0.0438,14.161,784,1000
514137116+-7116,form,ok,95,61.8,0.0308,49.259,754,1000
515248202+-8202,form,ok,226,77.2,0.1133,30.428,754,1000
515615932+-5933,form,ok,308,80.6,0.0691,8.222,754,1000
515624433+-4433,form,ocr_below_gate,271,34.9,0.1126,8.19,754,1000
517446435+-6435,form,ok,228,60.3,0.1341,6.98,754,1000
518048378,form,ocr_below_gate,99,53.6,0.1478,19.165,785,1000
518057760,form,ocr_below_gate,25,14.3,0.1493,11.966,787,1000
518243607+-3609,form,unaligned_or_identical,0,0.0,0.0,0.0,0,0
518446049+-6049,form,ok,153,76.3,0.1473,23.157,754,1000
518689732+-9734,form,ocr_below_gate,379,46.6,0.0424,2.138,754,1000
520233316+-3420,form,unaligned_or_identical,0,0.0,0.0,0.0,0,0
521536950+-6950,form,ok,304,68.9,0.1416,15.888,754,1000
521702143+-2146,form,ocr_below_gate,228,45.6,0.0698,17.116,754,1000
521702177+-2180,form,ok,148,68.7,0.0862,9.021,754,1000
521702288+-2288,form,ocr_below_gate,207,49.1,0.12,25.054,754,1000
521820980+-0985,form,ok,111,70.6,6.2598,57.201,754,1000
522691962+-1962,form,ok,177,73.4,0.371,30.316,754,1000
522827676+-7676,form,ocr_below_gate,291,50.7,0.0891,25.488,754,1000
522838187+-8192,form,ocr_below_gate,180,41.9,0.1373,9.974,754,1000
523197444+-7444,form,ocr_below_gate,140,48.6,0.0674,15.347,754,1000
523545212+-5212,form,timeout,101,82.2,0.0345,0.048,754,1000
524217890+-7890,form,ok,326,57.7,0.2107,0.56,754,1000
71470351,form,ok,75,79.7,0.0235,1.538,762,1000
80415917_80416007,form,ocr_below_gate,205,48.9,0.0665,0.117,775,1000
83925160_5161,form,ok,26,70.3,0.1702,0.286,754,1000
87497620_87497621,form,ocr_below_gate,54,50.9,0.0821,0.216,767,1000
88550002,form,ok,171,55.1,0.034,1.096,754,1000
89933555,form,ok,125,79.0,0.1422,6.92,863,1000
92449307,form,ocr_below_gate,276,52.1,0.1224,8.963,754,1000
92600841_0845,form,ocr_below_gate,21,86.2,0.0284,0.042,754,1000
92855011,form,ok,203,57.6,0.1118,3.413,802,1000
93261706,form,ok,145,91.2,0.0488,0.098,754,1000
94408048_94408050,form,ocr_below_gate,99,45.6,0.0651,16.999,789,1000
94415027,form,ok,186,76.5,0.0925,12.78,772,1000
94529295,form,ok,122,78.0,0.1411,7.824,784,1000
95878875_8877,form,ok,91,73.9,0.0558,0.092,754,1000
95968365_8368,form,ok,524,83.6,0.3761,18.405,754,1000
96377421,form,unaligned_or_identical,0,0.0,0.0,0.0,0,0
98040195,form,ok,122,79.4,0.07,0.748,754,1000
98105946,form,unaligned_or_identical,0,0.0,0.0,0.0,0,0
98506233,form,ocr_below_gate,146,37.0,0.1586,0.431,754,1000
98631524_1527,form,ocr_below_gate,149,49.3,0.0204,0.183,754,1000
99382089,form,ok,100,62.3,0.0275,0.042,754,1000
99488431,form,ok,165,55.4,0.1575,0.381,802,1000
500002030,handwritten,ocr_below_gate,0,0.0,0.2263,0.527,784,1000
500064863_500064869,handwritten,ocr_below_gate,51,28.1,0.1409,0.607,784,1000
500328162+-8162,handwritten,ocr_below_gate,91,33.1,0.3292,7.584,754,1000
500389366+-9366,handwritten,ocr_below_gate,12,31.8,0.2537,17.813,754,1000
500549754_500549755,handwritten,ocr_below_gate,298,41.7,0.5661,51.409,774,1000
500596653+-6655,handwritten,unaligned_or_identical,0,0.0,0.0,0.0,0,0
500920554_500920556,handwritten,ocr_below_gate,262,35.9,0.6698,28.653,771,1000
501523159_501523161,handwritten,ocr_below_gate,252,42.7,1.2541,48.907,774,1000
502262504_502262505,handwritten,ocr_below_gate,65,34.7,0.6283,9.31,771,1000
502275865,handwritten,ocr_below_gate,65,45.4,0.2453,8.874,783,1000
502299253_502299254,handwritten,ocr_below_gate,0,0.0,0.3063,9.92,773,1000
502443421,handwritten,ocr_below_gate,17,22.9,0.5619,16.075,785,1000
502454975,handwritten,ocr_below_gate,121,53.5,0.9203,23.356,777,1000
502770165_502770168,handwritten,ocr_below_gate,186,46.1,0.2811,10.213,784,1000
502787929_502787932,handwritten,ocr_below_gate,192,49.2,0.2589,15.955,781,1000
502846069_502846073,handwritten,ocr_below_gate,133,30.7,0.3328,5.299,778,1000
502987838+-7841,handwritten,ocr_below_gate,24,35.5,0.5444,48.022,754,1000
503026021,handwritten,ocr_below_gate,37,26.9,0.1332,5.056,742,1000
503210023+-0023,handwritten,ocr_below_gate,116,28.1,0.3524,5.01,754,1000
503380926_503380976a,handwritten,ocr_below_gate,18,59.7,0.049,0.078,771,1000
503857663+-7665,handwritten,ocr_below_gate,52,45.5,0.2073,3.866,754,1000
503951290+-1294,handwritten,ok,69,88.5,0.1919,3.69,754,1000
504008823_504008825,handwritten,ocr_below_gate,26,24.5,0.514,1.133,781,1000
504101893_504101894,handwritten,ocr_below_gate,67,48.7,0.2479,10.726,766,1000
504211478,handwritten,ocr_below_gate,232,36.5,0.8706,33.836,779,1000
504382688+-2691,handwritten,ocr_below_gate,43,20.4,0.7334,1.729,754,1000
504421429_504421437,handwritten,ocr_below_gate,151,26.6,0.7921,28.297,776,1000
504433072+-3076,handwritten,ocr_below_gate,26,33.7,0.0614,1.142,754,1000
504614540_504614542,handwritten,ocr_below_gate,13,36.8,0.3653,10.826,786,1000
505013548_505013549,handwritten,unaligned_or_identical,0,0.0,0.0,0.0,0,0
505032119_505032120,handwritten,unaligned_or_identical,0,0.0,0.0,0.0,0,0
505042893,handwritten,ocr_below_gate,11,86.8,0.0602,0.085,787,1000
505347159+-7159,handwritten,ocr_below_gate,74,37.3,0.55,13.91,754,1000
505351282,handwritten,ocr_below_gate,23,34.9,0.1784,1.129,774,1000
505552498_505552499,handwritten,ocr_below_gate,97,36.1,0.2981,28.665,771,1000
505560229+-0230,handwritten,ocr_below_gate,14,37.0,0.1391,0.662,754,1000
505805041,handwritten,ocr_below_gate,12,25.0,0.2244,8.352,780,1000
505818724_505818728,handwritten,ocr_below_gate,103,40.0,0.2292,18.264,774,1000
505859301,handwritten,ocr_below_gate,63,39.3,0.5987,8.691,791,1000
505878640,handwritten,ocr_below_gate,53,33.5,0.2285,23.808,787,1000
505944665_505944666,handwritten,ocr_below_gate,82,36.3,0.2679,16.615,783,1000
505954517_505954529,handwritten,ocr_below_gate,150,36.6,0.197,6.971,774,1000
505956026_505956028,handwritten,ocr_below_gate,27,43.1,0.2283,1.615,787,1000
505956065,handwritten,ocr_below_gate,6,27.3,0.4991,32.25,788,1000
505980439,handwritten,ocr_below_gate,59,32.5,0.3458,1.195,786,1000
506002162,handwritten,ocr_below_gate,167,35.2,0.699,26.318,783,1000
506016085_506016087,handwritten,ocr_below_gate,86,35.9,0.7797,37.634,782,1000
506033692,handwritten,unaligned_or_identical,0,0.0,0.0,0.0,0,0
506058905+-8907,handwritten,ocr_below_gate,100,33.1,0.5227,24.7,754,1000
506136930,handwritten,ocr_below_gate,135,37.7,0.4192,33.732,780,1000
506142639,handwritten,ocr_below_gate,54,34.3,1.1204,37.441,786,1000
506187326_506187332,handwritten,ocr_below_gate,66,34.9,0.3574,18.435,780,1000
506274727,handwritten,ocr_below_gate,130,34.0,0.4048,32.706,771,1000
506302969+-2969,handwritten,ocr_below_gate,51,29.4,0.6675,40.179,754,1000
506333324_506333325,handwritten,ocr_below_gate,136,32.8,0.4514,27.397,774,1000
506789166_506789171,handwritten,unaligned_or_identical,0,0.0,0.0,0.0,0,0
506808796,handwritten,ocr_below_gate,246,46.5,0.5924,36.988,773,1000
506833283+-3284,handwritten,ocr_below_gate,88,35.3,0.7395,34.285,754,1000
507099466,handwritten,ocr_below_gate,56,41.9,0.3522,11.514,811,1000
507580682+-0682,handwritten,ocr_below_gate,53,32.3,0.4786,8.136,754,1000
507705995,handwritten,ocr_below_gate,62,27.1,0.3665,13.124,821,1000
507708562_507708563,handwritten,ocr_below_gate,89,32.6,0.2546,17.484,806,1000
507725927+-5930,handwritten,ocr_below_gate,37,32.3,0.6271,38.274,754,1000
507949057_507949058,handwritten,ocr_below_gate,0,0.0,1.2494,52.263,773,1000
509015265,handwritten,ocr_below_gate,115,25.2,0.3786,16.852,771,1000
509132739+-2739,handwritten,ocr_below_gate,10,68.0,0.0753,0.159,754,1000
509206571,handwritten,ok,39,85.9,0.0633,0.116,787,1000
509329164+-9164,handwritten,ocr_below_gate,80,32.8,0.5312,25.35,754,1000
509519154,handwritten,ocr_below_gate,83,41.3,0.2193,12.214,784,1000
509870748+-0753,handwritten,unaligned_or_identical,0,0.0,0.0,0.0,0,0
510756905_510756908,handwritten,ocr_below_gate,48,39.2,1.0195,43.58,785,1000
511340047_511340048,handwritten,ocr_below_gate,46,35.2,0.5291,8.789,784,1000
511357546_511357547,handwritten,ocr_below_gate,30,40.0,0.6145,12.473,784,1000
512185781,handwritten,ocr_below_gate,0,0.0,0.437,6.528,784,1000
512217704_512217717,handwritten,ocr_below_gate,51,36.8,1.1066,41.521,789,1000
512319807_512319808,handwritten,ocr_below_gate,0,0.0,1.049,19.511,789,1000
512719033,handwritten,ocr_below_gate,38,24.7,0.6662,12.482,785,1000
512763865_512763868,handwritten,ocr_below_gate,53,35.3,0.9297,38.401,777,1000
512802906,handwritten,ocr_below_gate,60,29.8,0.1318,5.219,787,1000
513198332,handwritten,ocr_below_gate,81,28.0,0.3294,5.338,742,1000
513256655+-6656,handwritten,ocr_below_gate,47,44.5,0.1003,15.829,754,1000
513614205_513614206,handwritten,unaligned_or_identical,0,0.0,0.0,0.0,0,0
515559668+-9672,handwritten,ocr_below_gate,0,0.0,0.7927,7.296,754,1000
515841535,handwritten,ocr_below_gate,0,0.0,0.1885,2.957,790,1000
515888016+-8018,handwritten,ocr_below_gate,0,0.0,0.3284,6.154,754,1000
515943713+-3714,handwritten,ocr_below_gate,29,35.1,0.9053,10.924,754,1000
515947000+-7002,handwritten,ocr_below_gate,6,36.4,0.129,0.448,754,1000
515956033+-6055,handwritten,unaligned_or_identical,0,0.0,0.0,0.0,0,0
517043914+-3914,handwritten,ocr_below_gate,18,16.7,0.145,0.538,754,1000
517047269+-7271,handwritten,ocr_below_gate,74,34.4,0.3244,6.961,754,1000
517124917_517124924,handwritten,ocr_below_gate,99,36.8,0.3113,9.902,776,1000
517138548_517138549,handwritten,ok,149,56.3,0.9365,29.049,775,1000
517236434+-6437,handwritten,ocr_below_gate,148,33.8,0.7525,30.867,754,1000
517238756+-8760,handwritten,ocr_below_gate,19,48.4,0.1139,0.289,754,1000
517307204+-7204,handwritten,ocr_below_gate,25,46.2,0.2023,4.158,754,1000
517308038+-8040,handwritten,ocr_below_gate,0,0.0,0.1874,0.52,754,1000
517512687+-2689,handwritten,ocr_below_gate,41,39.9,0.3728,17.661,754,1000
517513438+-3439,handwritten,unaligned_or_identical,0,0.0,0.0,0.0,0,0
517513440+-3444,handwritten,ocr_below_gate,32,39.5,0.0806,0.143,754,1000
517543505+-3508,handwritten,ocr_below_gate,21,41.4,0.0931,0.438,754,1000
517543694+-3697,handwritten,ocr_below_gate,58,29.2,0.3938,10.971,754,1000
517544125+-4127,handwritten,ocr_below_gate,42,26.5,0.5639,17.036,754,1000
517548414+-8416,handwritten,ocr_below_gate,0,0.0,0.5503,13.355,754,1000
517611028+-1030,handwritten,ocr_below_gate,76,34.0,0.6732,16.276,754,1000
517612121+-2122,handwritten,ocr_below_gate,21,30.1,0.2763,4.201,754,1000
517614086+-4087,handwritten,ocr_below_gate,7,10.1,1.2166,40.752,754,1000
517687051+-7052,handwritten,ocr_below_gate,62,40.5,1.3972,40.569,754,1000
517688588+-8589,handwritten,ocr_below_gate,37,25.9,0.5548,9.763,754,1000
517728084+-8084,handwritten,unaligned_or_identical,0,0.0,0.0,0.0,0,0
517729314+-9315,handwritten,ocr_below_gate,0,0.0,0.7851,12.863,754,1000
517752676+-2678,handwritten,unaligned_or_identical,0,0.0,0.0,0.0,0,0
517753608+-3610,handwritten,ok,125,64.0,0.2695,6.989,754,1000
517754081+-4082,handwritten,ocr_below_gate,12,36.2,0.4147,4.125,754,1000
517755941+-5943,handwritten,unaligned_or_identical,0,0.0,0.0,0.0,0,0
517756173+-6174,handwritten,ocr_below_gate,0,0.0,0.1333,0.379,754,1000
517757230+-7231,handwritten,ocr_below_gate,2,39.2,0.0656,0.156,754,1000
518004336+-4337,handwritten,ocr_below_gate,69,25.6,0.3301,9.055,754,1000
518007541_518007542,handwritten,ocr_below_gate,16,34.1,0.4826,36.497,774,1000
518140324+-0326,handwritten,ocr_below_gate,55,31.6,0.3768,10.848,754,1000
518140732+-0733,handwritten,ocr_below_gate,55,35.7,0.5411,14.725,754,1000
518141652+-1654,handwritten,ocr_below_gate,171,34.5,0.6784,26.566,754,1000
518198584_518198586,handwritten,ocr_below_gate,80,44.2,0.3014,17.79,790,1000
518199613+-9614,handwritten,unaligned_or_identical,0,0.0,0.0,0.0,0,0
518208798+-8799,handwritten,ocr_below_gate,65,36.9,0.6365,22.393,754,1000
518209536+-9538,handwritten,ocr_below_gate,48,27.3,0.9534,26.691,754,1000
518209825+-9826,handwritten,ocr_below_gate,0,0.0,0.2046,1.714,754,1000
518213919+-3920,handwritten,ocr_below_gate,53,35.7,0.2905,2.604,754,1000
518214036+-4038,handwritten,ocr_below_gate,75,54.8,0.1725,2.684,754,1000
518224598+-4599,handwritten,ocr_below_gate,84,46.4,0.2389,1.862,754,1000
518227529+-7530,handwritten,unaligned_or_identical,0,0.0,0.0,0.0,0,0
518296101+-6101,handwritten,ocr_below_gate,43,37.7,0.6816,18.255,754,1000
518302406+-2407,handwritten,ocr_below_gate,116,31.1,0.571,30.567,754,1000
518303535+-3536,handwritten,ocr_below_gate,31,27.6,0.8281,16.704,754,1000
518304458+-4459,handwritten,ok,219,73.6,0.8915,50.294,754,1000
518305166+-5167,handwritten,ocr_below_gate,54,25.7,0.4761,14.069,754,1000
518305738+-5739,handwritten,ocr_below_gate,12,47.8,0.0496,0.141,754,1000
518305808+-5812,handwritten,ocr_below_gate,140,28.8,1.0179,36.324,754,1000
518306559+-6559,handwritten,ocr_below_gate,49,32.0,1.1512,22.73,754,1000
518426512+-6515,handwritten,ocr_below_gate,0,0.0,0.2017,2.58,754,1000
518878162+-8164,handwritten,ocr_below_gate,106,37.3,0.3459,11.957,754,1000
519868171+-8175,handwritten,ocr_below_gate,216,33.3,0.9027,59.459,754,1000
520037606+-7608,handwritten,ocr_below_gate,334,42.7,0.8916,50.999,754,1000
520720604+-0610,handwritten,ocr_below_gate,0,0.0,0.2229,0.635,754,1000
520764684+-4684,handwritten,ocr_below_gate,2,11.2,0.926,3.404,754,1000
520775826+-5836,handwritten,ok,39,82.4,0.2826,3.395,754,1000
522297342+-7342,handwritten,ocr_below_gate,29,46.1,0.4975,15.54,754,1000
522548772+-8775,handwritten,ocr_below_gate,58,32.9,0.5448,13.221,754,1000
522648764+-8764,handwritten,ocr_below_gate,2,15.6,1.1434,18.81,754,1000
522658523+-8524,handwritten,ocr_below_gate,35,36.0,0.1516,0.654,754,1000
522701021+-1023,handwritten,ocr_below_gate,148,28.0,1.3703,27.758,754,1000
522713454+-3455,handwritten,ocr_below_gate,57,35.9,0.4956,18.813,754,1000
522713490+-3491,handwritten,ok,74,57.6,0.2028,1.871,754,1000
522714276+-4278,handwritten,ocr_below_gate,9,32.3,1.1123,15.179,754,1000
522718139+-8145,handwritten,unaligned_or_identical,0,0.0,0.0,0.0,0,0
522719157+-9158,handwritten,ocr_below_gate,5,52.8,0.1931,0.42,754,1000
522720554+-0555,handwritten,ocr_below_gate,0,0.0,0.428,16.241,754,1000
522730279+-0279,handwritten,ocr_below_gate,50,33.5,0.335,6.756,754,1000
522730626+-0629,handwritten,ocr_below_gate,54,47.9,0.5293,10.779,754,1000
522738001+-8008,handwritten,unaligned_or_identical,0,0.0,0.0,0.0,0,0
522738113+-8114,handwritten,ocr_below_gate,294,44.9,0.4064,24.412,754,1000
522739493+-9494,handwritten,ocr_below_gate,1,39.6,0.1366,1.073,754,1000
522754138+-4138,handwritten,ok,184,83.2,0.4058,16.606,754,1000
522755237+-5239,handwritten,ocr_below_gate,213,27.8,0.8824,33.472,754,1000
522761332+-1333,handwritten,ok,309,57.8,0.3135,18.842,754,1000
522768381+-8383,handwritten,unaligned_or_identical,0,0.0,0.0,0.0,0,0
522774907+-4908,handwritten,ocr_below_gate,56,46.5,0.3046,1.952,754,1000
522776472+-6475,handwritten,ocr_below_gate,182,22.9,0.7032,41.963,754,1000
522814157+-4160,handwritten,ocr_below_gate,26,46.7,0.0761,0.105,754,1000
522814353+-4354,handwritten,ocr_below_gate,13,43.6,0.3363,4.212,754,1000
522849889+-9890,handwritten,ocr_below_gate,87,33.0,0.3537,8.73,754,1000
522856003+-6004,handwritten,ocr_below_gate,26,32.8,0.1072,0.295,754,1000
522858540+-8542,handwritten,ocr_below_gate,20,36.1,0.0298,0.051,754,1000
522863412+-3422,handwritten,ocr_below_gate,42,35.0,0.8119,16.344,754,1000
522866058+-6058,handwritten,ok,256,71.5,22.3038,76.333,754,1000
522932519+-2521,handwritten,ocr_below_gate,311,34.6,0.8037,45.331,754,1000
522933837+-3840,handwritten,ocr_below_gate,60,41.1,0.0301,0.049,754,1000
522933978+-3978,handwritten,ocr_below_gate,7,20.7,0.6667,6.182,754,1000
522980810+-0811,handwritten,ocr_below_gate,7,51.2,0.5101,28.412,754,1000
523320232+-0232,handwritten,ocr_below_gate,58,38.5,0.1362,8.224,754,1000
523434393+-4395,handwritten,ocr_below_gate,37,37.0,0.5115,14.206,754,1000
523449388+-9392,handwritten,ocr_below_gate,125,30.8,0.6077,16.533,754,1000
524077146+-7146,handwritten,ocr_below_gate,155,45.5,0.5162,18.536,754,1000
524115352+-5353,handwritten,ocr_below_gate,100,30.0,1.117,22.333,754,1000
524210547+-0548,handwritten,ocr_below_gate,0,0.0,0.4263,7.534,754,1000
524385089+-5089,handwritten,ocr_below_gate,20,22.8,0.5605,9.027,754,1000
524388928+-8933,handwritten,ocr_below_gate,38,38.4,0.5355,6.753,754,1000
524473696+-3697,handwritten,ocr_below_gate,0,0.0,0.6707,8.77,754,1000
524500089+-0089,handwritten,ocr_below_gate,16,36.4,0.3798,2.266,754,1000
524657044+-7047,handwritten,ocr_below_gate,28,28.6,0.4715,17.379,754,1000
0000137486,invoice,ocr_below_gate,97,46.4,0.0902,0.529,762,1000
0000192502,invoice,ok,165,79.5,0.2317,25.973,776,1000
0000226471,invoice,ok,111,55.9,0.2245,3.86,762,1000
0000227351,invoice,ocr_below_gate,135,53.3,0.1482,5.907,762,1000
0000333206,invoice,ok,185,79.1,0.5235,13.57,762,1000
0000542607,invoice,ocr_below_gate,45,34.1,0.0701,0.153,762,1000
0001136788,invoice,ocr_below_gate,202,43.0,0.1417,5.173,762,1000
0001219743,invoice,ocr_below_gate,14,65.4,0.0781,0.409,762,1000
0001219844,invoice,ocr_below_gate,62,46.1,0.1552,19.37,762,1000
0001233629,invoice,ocr_below_gate,78,31.5,0.0293,1.748,762,1000
0001453135,invoice,ok,86,57.7,0.2615,27.737,762,1000
0011929750,invoice,ok,55,75.8,0.1304,27.569,762,1000
0011929754,invoice,ocr_below_gate,172,35.2,0.2161,24.263,762,1000
0011930170,invoice,ocr_below_gate,68,37.6,0.076,0.173,780,1000
0011991025,invoice,ocr_below_gate,154,54.7,0.4867,15.225,762,1000
0012179618,invoice,ocr_below_gate,163,45.9,0.1718,4.98,762,1000
0012287015,invoice,ok,200,68.0,0.501,8.008,772,1000
0013267193,invoice,ocr_below_gate,28,46.3,0.0867,4.42,757,1000
0060026309,invoice,ok,178,76.4,0.4638,12.199,762,1000
0060027381,invoice,ok,106,70.4,0.2379,20.963,762,1000
0060031784,invoice,ok,47,67.9,0.1896,1.675,762,1000
0060032039,invoice,ok,64,64.0,0.2854,3.325,762,1000
0060051594,invoice,ok,105,64.6,0.1655,2.098,762,1000
0060075043,invoice,ok,69,76.8,0.1014,0.153,762,1000
0060080760,invoice,ok,142,69.8,0.439,17.462,762,1000
0060082098,invoice,ok,239,56.8,0.5732,31.316,762,1000
0060083495,invoice,ok,253,63.0,0.5921,26.136,762,1000
0060121960,invoice,ok,95,57.4,0.2736,25.267,762,1000
0060201834,invoice,ok,55,70.5,0.1831,29.714,762,1000
0060284223,invoice,ok,74,62.4,0.2223,0.755,762,1000
00621985,invoice,ocr_below_gate,48,51.7,0.2861,38.9,771,1000
00920638,invoice,ok,94,76.3,0.3851,18.459,759,1000
00920717,invoice,ok,103,71.8,0.5409,12.045,762,1000
01145176,invoice,ocr_below_gate,58,43.5,0.2279,1.487,767,1000
01398469,invoice,ok,25,56.5,0.569,17.901,754,1000
03700650,invoice,unaligned_or_identical,0,0.0,0.0,0.0,0,0
03724966,invoice,ok,89,74.6,0.3491,27.795,764,1000
03750991,invoice,ocr_below_gate,40,38.2,0.0969,0.625,777,1000
1000031431,invoice,ocr_below_gate,52,52.8,0.0538,0.115,777,1000
10399076,invoice,ok,121,63.9,0.1358,5.41,772,1000
11235021_11235022,invoice,ok,117,65.1,0.1891,2.778,752,1000
2021636830,invoice,ok,117,80.9,0.1819,15.572,777,1000
2023550756,invoice,ok,248,86.3,0.1389,5.389,777,1000
2024525606,invoice,ocr_below_gate,114,49.1,0.0914,0.226,777,1000
2026004159,invoice,ok,203,75.9,0.3256,16.222,777,1000
2026486780,invoice,ok,59,72.8,0.0973,0.174,777,1000
2026486823,invoice,ok,85,78.7,0.1541,1.209,777,1000
2028697984,invoice,ok,141,60.3,0.2752,28.417,777,1000
2028716668,invoice,ok,138,58.2,0.1929,2.197,777,1000
2029194963,invoice,ok,159,67.5,0.3032,20.822,777,1000
2029378210,invoice,ok,74,76.8,0.2355,0.825,791,1000
2030138144,invoice,ok,121,83.3,0.2827,2.617,782,1000
2041158058,invoice,ok,239,55.2,0.2395,15.055,754,1000
2041619314,invoice,unaligned_or_identical,0,0.0,0.0,0.0,0,0
2042757520,invoice,ocr_below_gate,305,39.6,0.3755,43.403,646,1000
2048373725,invoice,ocr_below_gate,198,52.1,0.1667,3.008,754,1000
2049431637,invoice,ocr_below_gate,72,48.8,0.2603,7.987,784,1000
2061832122,invoice,ocr_below_gate,135,44.7,0.4033,26.959,786,1000
2062173086,invoice,ocr_below_gate,112,36.2,0.4733,4.002,730,1000
2062897991,invoice,ok,69,69.7,0.0882,0.425,754,1000
2063162451_2452,invoice,ok,91,59.9,0.1829,2.132,754,1000
2063170427,invoice,ocr_below_gate,76,52.7,0.3677,10.981,802,1000
2063178328,invoice,ocr_below_gate,159,46.5,0.0344,0.064,754,1000
2063216949,invoice,ocr_below_gate,71,54.7,0.0512,0.103,802,1000
2063300411,invoice,ocr_below_gate,36,51.1,0.0923,0.207,754,1000
2063321228,invoice,ocr_below_gate,122,46.4,0.2464,0.637,754,1000
2063321345,invoice,ocr_below_gate,159,41.0,0.1561,11.23,754,1000
2063576912,invoice,ok,139,75.0,0.1253,2.412,770,1000
2063608519,invoice,ocr_below_gate,179,54.2,0.1506,12.14,783,1000
2063610066,invoice,ok,188,80.9,0.4771,9.27,767,1000
2063780011,invoice,ok,158,67.8,0.1041,3.077,754,1000
2071030591,invoice,ok,155,59.6,0.1179,4.682,754,1000
2072484129,invoice,ocr_below_gate,150,46.5,0.1806,17.231,754,1000
2072653060,invoice,ocr_below_gate,97,47.6,0.1846,15.662,754,1000
2072957896,invoice,ok,152,56.2,0.0459,0.095,754,1000
2074104178,invoice,ocr_below_gate,102,39.8,0.0605,0.585,754,1000
2084020048,invoice,ocr_below_gate,28,34.6,0.0588,1.251,754,1000
2084020226,invoice,ocr_below_gate,41,39.9,0.043,0.428,754,1000
2084022132,invoice,ocr_below_gate,88,41.8,0.105,2.889,754,1000
2084024647,invoice,ocr_below_gate,76,38.0,0.1528,1.248,754,1000
2084061020,invoice,ocr_below_gate,145,54.5,0.0469,0.086,754,1000
2084061095,invoice,ocr_below_gate,77,44.2,0.2133,3.774,754,1000
2084342625,invoice,ok,91,78.7,0.0859,0.849,754,1000
2501226749,invoice,ocr_below_gate,264,42.7,0.0328,0.066,731,1000
2501335075,invoice,ok,73,72.3,0.0738,8.59,729,1000
500234640+-4640,invoice,ocr_below_gate,37,50.4,0.2447,4.957,754,1000
50120566-0566,invoice,ok,127,67.8,0.256,1.831,754,1000
501961404,invoice,ok,121,59.9,0.2886,5.807,773,1000
502197661,invoice,ok,256,72.4,1.0296,36.554,777,1000
505850844,invoice,ok,192,57.7,0.2156,2.855,786,1000
506023794_506023798,invoice,ocr_below_gate,116,53.5,0.484,5.123,779,1000
509592495_509592499,invoice,ok,155,67.5,0.1803,0.599,781,1000
511349392+-9392,invoice,unaligned_or_identical,0,0.0,0.0,0.0,0,0
511505606+-5608,invoice,ocr_below_gate,74,48.3,0.2467,0.456,754,1000
513168276_513168277,invoice,ok,174,59.4,0.2454,3.252,771,1000
513261894_513261895,invoice,ok,121,55.9,0.3578,3.521,785,1000
518027475_518027477,invoice,ocr_below_gate,128,54.9,0.2196,28.842,786,1000
518658731+-8731,invoice,ocr_below_gate,139,49.8,0.1374,2.567,754,1000
524425631+-5636,invoice,ocr_below_gate,33,44.8,0.2034,1.671,754,1000
80211559,invoice,ok,82,82.6,0.0927,0.235,768,1000
83553535_3536,invoice,ok,82,66.6,0.1503,7.116,754,1000
83553602_3608,invoice,ok,230,74.6,0.2081,11.693,754,1000
87064443-a_87064443,invoice,ocr_below_gate,2,40.2,0.1808,0.278,776,1000
87064937,invoice,ok,106,57.2,0.1731,16.699,778,1000
87065276,invoice,ok,110,73.3,0.171,2.31,776,1000
87066913,invoice,unaligned_or_identical,0,0.0,0.0,0.0,0,0
88131701,invoice,unaligned_or_identical,0,0.0,0.0,0.0,0,0
88132141,invoice,unaligned_or_identical,0,0.0,0.0,0.0,0,0
89000431,invoice,ok,52,61.9,0.0838,0.145,754,1000
91515217,invoice,unaligned_or_identical,0,0.0,0.0,0.0,0,0
91515363,invoice,unaligned_or_identical,0,0.0,0.0,0.0,0,0
91810227,invoice,ocr_below_gate,70,41.0,0.1135,0.171,791,1000
91814706,invoice,unaligned_or_identical,0,0.0,0.0,0.0,0,0
92242531,invoice,ocr_below_gate,177,39.2,0.2532,15.187,777,1000
92248313,invoice,ocr_below_gate,98,52.5,0.0944,0.559,754,1000
92678319,invoice,ok,130,61.0,0.1242,1.099,776,1000
92679791,invoice,ocr_below_gate,109,52.1,0.2019,21.129,786,1000
92871560,invoice,ok,332,57.0,0.2354,21.878,802,1000
93121403,invoice,ok,100,71.5,0.0741,0.193,802,1000
93216911,invoice,ocr_below_gate,56,36.7,0.0919,0.201,780,1000
93413375,invoice,ok,123,59.2,0.121,1.516,754,1000
93416592,invoice,ocr_below_gate,103,50.2,0.1041,0.566,754,1000
94389950,invoice,ok,78,77.0,0.0817,0.145,785,1000
94416171,invoice,ok,204,60.7,0.1275,6.177,772,1000
95602385,invoice,unaligned_or_identical,0,0.0,0.0,0.0,0,0
95602471,invoice,ok,131,67.0,8.033,97.32,754,1000
95824354,invoice,unaligned_or_identical,0,0.0,0.0,0.0,0,0
95824480,invoice,unaligned_or_identical,0,0.0,0.0,0.0,0,0
95824806,invoice,unaligned_or_identical,0,0.0,0.0,0.0,0,0
95824822,invoice,unaligned_or_identical,0,0.0,0.0,0.0,0,0
96054429,invoice,ocr_below_gate,180,50.6,0.2389,7.845,754,1000
96057185,invoice,ocr_below_gate,79,51.6,0.1744,1.792,754,1000
96433725,invoice,ok,145,59.4,0.1391,1.625,754,1000
98776481,invoice,ok,75,77.0,0.1371,2.134,754,1000
CTRCONTRACTS022507-2,invoice,ocr_below_gate,84,51.4,0.0613,0.105,754,1000
CTRSP-FILES009859-98,invoice,ocr_below_gate,142,40.4,0.0643,0.756,754,1000
ti08670559,invoice,ocr_below_gate,82,42.1,0.1321,0.66,754,1000
ti16310446,invoice,ocr_below_gate,29,46.0,0.0192,0.039,754,1000
ti16310591,invoice,ocr_below_gate,34,51.7,0.0822,5.258,754,1000
ti16352085,invoice,ok,102,56.0,0.0981,0.853,754,1000
ti17120567,invoice,ok,89,81.1,0.1623,0.364,754,1000
0000022394,letter,ok,75,60.9,0.1657,0.318,762,1000
0000107738,letter,ok,191,77.2,2.7319,12.22,762,1000
0000128669,letter,ok,201,78.1,0.5991,8.55,762,1000
0000260163,letter,ok,231,84.4,0.4945,11.377,762,1000
0000723852,letter,ok,41,81.6,0.2681,0.571,762,1000
0012184428,letter,ok,52,83.5,0.2395,2.593,762,1000
0012206537,letter,ok,200,83.7,0.4266,6.028,775,1000
0012285276,letter,ok,75,65.2,0.4877,4.315,762,1000
001228777,letter,unaligned_or_identical,0,0.0,0.0,0.0,0,0
0012883913,letter,ok,112,71.3,0.2663,1.935,784,1000
0060088947,letter,ok,138,80.3,0.6501,5.299,762,1000
0060106660,letter,ok,94,79.9,0.2214,0.819,762,1000
0060142979,letter,ok,238,84.4,0.8052,16.415,762,1000
0060150468,letter,ok,280,89.0,0.773,6.941,762,1000
0060250360,letter,ok,249,86.7,0.4034,5.248,762,1000
0060317439,letter,ok,342,87.3,0.8804,19.549,762,1000
0071003654,letter,ok,281,77.9,0.3307,6.467,762,1000
0071027709,letter,ok,222,86.3,0.5411,4.685,762,1000
01331493,letter,ok,200,82.9,0.1007,0.243,769,1000
01787176,letter,ok,313,87.3,0.8909,2.189,779,1000
1000010647,letter,ok,113,87.9,0.5941,13.639,777,1000
1000018736,letter,ocr_below_gate,49,36.9,0.6322,22.147,777,1000
1000217968,letter,ok,175,74.8,0.3793,7.7,777,1000
1001607470,letter,ok,166,67.4,0.2582,7.702,754,1000
1001893989,letter,ok,291,83.1,0.6734,17.452,777,1000
1003079586_1003079587,letter,ocr_below_gate,4,35.3,0.7785,22.048,777,1000
1004862245,letter,ok,165,81.4,0.4163,7.58,777,1000
1005046793,letter,ok,243,89.9,0.5479,13.067,777,1000
10425398,letter,ok,308,82.1,0.0854,0.181,767,1000
11275250,letter,ok,170,82.1,0.2385,12.665,771,1000
2001211173,letter,ok,171,88.6,0.2479,2.71,777,1000
2010035038,letter,ok,41,87.5,0.1949,8.755,777,1000
2010049032,letter,ok,116,80.4,0.5425,21.622,777,1000
2020049610_2020049623,letter,ok,179,79.1,0.3417,10.962,777,1000
2022904518,letter,ok,144,69.6,0.1413,0.338,778,1000
2023225052,letter,ok,203,87.2,0.8959,5.402,777,1000
2023522344,letter,ok,109,78.3,0.2152,0.397,777,1000
2026417460,letter,ok,160,83.4,0.4979,12.036,793,1000
2026428406,letter,ok,131,84.1,0.5208,7.145,789,1000
2026453837,letter,ok,228,81.0,0.3281,0.816,777,1000
2026466578,letter,ok,70,89.0,0.1093,1.503,777,1000
2026470753,letter,ok,120,74.6,0.177,0.37,791,1000
2028826565,letter,ok,193,77.8,0.2691,1.67,777,1000
2040881309,letter,ok,143,87.5,0.2314,4.959,776,1000
2041470582_0585,letter,ok,213,91.9,0.7456,21.135,754,1000
2041622670,letter,ok,109,79.7,0.1217,5.547,778,1000
2047579631,letter,ok,218,91.7,0.5645,17.505,754,1000
2048356469,letter,ocr_below_gate,62,50.3,0.4351,11.669,832,1000
2063235035,letter,ok,113,80.7,0.1475,2.114,754,1000
2064941763_1765,letter,ok,208,90.2,0.4403,14.033,802,1000
2065180479_0480,letter,ok,329,91.0,0.4074,22.967,802,1000
2065418675,letter,ok,88,81.0,0.4495,10.938,754,1000
2065494946_4949,letter,ok,317,83.3,0.3589,17.082,754,1000
2070261137,letter,ok,191,81.8,0.4121,4.958,754,1000
2072570954,letter,ocr_below_gate,32,38.0,0.3183,4.151,754,1000
2084384404_4405,letter,ok,218,88.4,0.2747,11.152,754,1000
2085365349,letter,ok,285,82.4,0.4008,15.183,754,1000
2505445324,letter,ok,113,68.2,0.1629,2.131,754,1000
50020207,letter,ok,117,85.5,0.2643,1.902,798,1000
500255726,letter,ok,154,84.5,0.2266,9.624,787,1000
50033143,letter,ok,93,66.5,0.2307,3.497,785,1000
500413987+-3987,letter,ok,260,85.1,1.0168,24.375,754,1000
50045595,letter,ok,64,86.0,0.296,0.694,821,1000
500540601,letter,ok,73,72.0,0.3711,2.971,788,1000
500815144,letter,ok,120,89.3,0.2798,3.789,779,1000
500845588_500845589,letter,ok,197,86.7,0.2013,7.424,771,1000
500904582,letter,ok,263,58.8,0.1555,6.497,771,1000
50094919-4919,letter,ok,268,91.0,0.7951,15.307,754,1000
501109644,letter,ok,238,87.7,0.2735,0.814,782,1000
501163645_501163648,letter,ok,317,89.0,0.6179,11.677,741,1000
501288733+-8738,letter,ok,117,67.2,0.1759,3.475,754,1000
50130208-0208,letter,ok,120,86.0,0.2561,2.441,754,1000
501359545,letter,ok,203,86.0,0.7022,10.897,771,1000
501373719,letter,ok,104,86.5,0.2534,1.286,777,1000
50146815-6815,letter,ok,218,89.9,0.308,3.513,754,1000
501522185_501522186,letter,ok,264,89.2,0.734,27.695,782,1000
50185221-5221,letter,ok,72,88.3,0.4414,2.072,754,1000
50189128-9128,letter,ok,97,86.8,0.3011,2.483,754,1000
501999230,letter,ok,89,72.8,0.2612,1.662,781,1000
50221525-1526,letter,ok,406,90.5,0.5886,23.753,754,1000
502233354+-3354,letter,ok,54,78.1,0.0711,0.164,754,1000
502296116+-6116,letter,ok,152,89.4,0.587,10.1,754,1000
502379161_502379164,letter,ok,297,70.3,0.951,10.933,767,1000
502420223,letter,ok,90,82.5,0.446,14.287,766,1000
50269112-9114,letter,ok,207,81.2,0.6611,10.579,754,1000
50271119-1120,letter,ok,286,85.9,0.9853,18.765,754,1000
503065061_503065066,letter,ok,221,92.2,0.7971,24.607,782,1000
503150345+-0346,letter,ok,368,91.6,1.2138,33.794,754,1000
50315897-5898,letter,ok,58,88.1,0.2466,4.588,754,1000
503750257,letter,ok,203,81.8,0.4327,19.392,786,1000
504020937+-0937,letter,ok,63,77.2,0.3041,0.714,754,1000
50409554-9554,letter,ok,106,87.9,0.3963,2.873,754,1000
504189809,letter,ok,320,85.6,3.7428,27.387,771,1000
504210014,letter,ok,109,64.5,0.3796,15.751,771,1000
504363343_504363345,letter,ok,311,89.7,0.6346,13.15,786,1000
504417903_504417905,letter,ok,292,92.1,0.6665,22.728,786,1000
50453544-3544,letter,ok,101,86.5,0.5419,4.161,754,1000
50463616-3616,letter,ok,123,83.5,0.3383,5.523,754,1000
504866904,letter,ok,423,92.5,0.5159,7.688,793,1000
50528389-8389,letter,ok,230,87.3,0.5134,14.628,754,1000
505312479_505312480,letter,ok,192,87.1,0.4782,21.473,763,1000
50540937-0937,letter,ok,282,87.2,0.6313,7.58,754,1000
50554811-4811,letter,ok,149,83.7,0.3264,5.133,754,1000
505552416,letter,ok,72,72.4,0.1798,0.402,781,1000
505709083+-9083,letter,ok,71,64.5,0.0676,0.244,754,1000
506086239_506086240,letter,ocr_below_gate,19,74.3,0.0737,0.153,795,1000
506144679_506144681,letter,ok,360,85.9,0.8788,35.782,783,1000
50649346-9347,letter,ok,141,81.8,0.3573,8.869,754,1000
50661961-1961,letter,ok,309,85.5,0.8942,21.503,754,1000
506681748+-1748,letter,ok,101,81.8,0.2805,26.85,754,1000
506733702,letter,ok,113,89.9,0.5335,5.497,790,1000
506996019,letter,ok,327,92.6,1.2268,24.955,779,1000
507066741,letter,ok,105,85.6,0.2069,1.524,788,1000
507208232,letter,ok,84,75.6,0.3323,3.968,775,1000
507460808_507460809,letter,ok,178,68.5,0.3303,16.542,778,1000
507619830_507619831,letter,ok,364,74.0,0.3338,19.081,777,1000
507619875,letter,ok,162,82.9,0.294,3.038,777,1000
507629354,letter,ok,266,61.7,0.4923,22.815,778,1000
507961107+-1107,letter,ok,102,90.0,0.4829,8.78,754,1000
508452624,letter,ok,122,84.4,0.2205,1.635,771,1000
508559977,letter,ok,447,92.1,1.5818,52.371,779,1000
508760788,letter,ok,322,74.1,0.7193,8.28,813,1000
508935322,letter,ok,315,84.5,0.7279,45.078,788,1000
509427574+-7577,letter,ok,102,75.3,0.2259,2.941,754,1000
509646836+-6836,letter,ok,156,87.8,0.1759,1.444,754,1000
511044820,letter,ok,169,83.6,0.572,15.043,775,1000
511460918+-0918,letter,ok,144,75.6,0.6588,13.248,754,1000
511639940+-9941,letter,ok,172,88.5,0.6859,9.35,754,1000
512293865,letter,ocr_below_gate,116,44.3,0.267,22.023,778,1000
512560073+-0073,letter,ok,212,78.2,2.0321,22.652,754,1000
512628884,letter,ok,278,90.3,0.7698,27.565,771,1000
514756944+-6944,letter,ok,191,77.1,0.3211,24.422,754,1000
514766512+-6514,letter,ok,270,85.8,0.696,27.415,754,1000
514790163,letter,ok,94,80.1,0.6506,5.006,776,1000
515662234_515662237,letter,ok,205,85.4,0.6031,11.516,775,1000
516015487+-5487,letter,ok,206,89.7,0.8885,11.982,754,1000
516550039+-0041,letter,ok,237,88.2,0.4955,17.594,754,1000
518203509_518203510,letter,ok,104,76.4,0.9603,3.985,790,1000
518334135+-4135,letter,ok,184,73.6,0.6435,24.08,754,1000
518931222+-1222,letter,ok,182,83.5,0.3899,6.349,754,1000
518931978+-1978,letter,ok,270,70.8,0.0597,20.297,754,1000
519785808+-5810,letter,ok,214,83.1,0.5863,7.766,754,1000
520547211+-7214,letter,ok,258,91.2,0.6451,11.352,754,1000
521185508+-5509,letter,unaligned_or_identical,0,0.0,0.0,0.0,0,0
522662080+-2080,letter,ok,77,76.7,0.111,0.202,754,1000
527838121+-8121,letter,ocr_below_gate,23,76.3,0.0515,0.121,754,1000
528345909+-5909,letter,ok,228,90.6,0.5821,8.212,754,1000
528808024+-8024,letter,ok,214,82.4,0.1629,0.327,754,1000
60018957,letter,ok,421,92.2,0.5135,7.882,817,1000
60025120_60025122,letter,ok,282,89.9,0.5203,6.012,804,1000
70012383-2383,letter,ok,95,76.7,0.2288,1.961,754,1000
70012825-2825,letter,ok,231,89.4,0.7216,11.814,754,1000
71121211,letter,ok,279,60.5,0.4529,3.808,762,1000
714556,letter,ok,202,83.5,0.4125,14.913,762,1000
71934306,letter,ok,273,84.3,0.5378,7.449,762,1000
71954264,letter,ok,180,84.9,0.2534,4.52,762,1000
81867414,letter,ok,110,89.1,0.2465,4.027,802,1000
83584930,letter,ok,130,75.1,0.2796,1.495,754,1000
85669187_85669188,letter,ok,188,73.7,7.4113,96.331,772,1000
85670661,letter,ok,122,79.6,0.2975,3.988,754,1000
88182093,letter,ok,156,85.2,0.3705,7.212,772,1000
91574528,letter,ok,154,78.0,0.5322,6.345,754,1000
91823041_91823042,letter,ok,87,80.9,0.1697,0.424,776,1000
91880685,letter,ok,190,87.9,0.5124,9.677,788,1000
92324150,letter,ok,161,84.0,0.9008,7.798,754,1000
92324851,letter,ok,129,83.6,0.4834,1.421,754,1000
92765755_92765756,letter,ok,211,92.2,0.7927,6.257,809,1000
93791762_93791763,letter,ok,280,88.9,0.5383,9.082,780,1000
95680746,letter,ok,468,84.0,2.6398,30.793,754,1000
96184957_4958,letter,ok,321,86.2,1.0927,27.451,754,1000
CTRSP-FILES014780-47,letter,ok,77,65.2,0.0491,0.121,754,1000
CTRSP-FILES015122-51,letter,ok,163,91.0,0.4145,8.414,754,1000
ti13701696,letter,ok,84,78.9,0.1463,2.145,754,1000
tob07506.69,letter,ok,138,95.0,0.162,5.179,772,1000
tob08625.41,letter,ok,143,88.8,0.2761,8.248,781,1000
tob12726.05,letter,unaligned_or_identical,0,0.0,0.0,0.0,0,0
ton03400.89,letter,ok,149,88.8,0.3407,9.796,781,1000
0000018957,memo,ok,192,69.6,0.1916,0.469,762,1000
0000041346,memo,ok,67,72.5,0.2654,11.01,762,1000
0000066230,memo,ok,217,89.8,0.3637,32.227,769,1000
0000358912,memo,ocr_below_gate,7,20.9,0.2923,0.685,762,1000
0000861366,memo,ocr_below_gate,71,37.5,0.2767,0.859,771,1000
0000942319,memo,ok,316,84.1,2.8312,23.44,762,1000
0000945035,memo,ok,254,73.7,0.2217,5.341,762,1000
0001230809,memo,ok,182,57.2,0.1533,0.511,762,1000
0001235477,memo,ocr_below_gate,0,0.0,0.2673,3.781,762,1000
0001239171,memo,ok,191,62.3,0.3846,5.288,762,1000
0001245076,memo,ocr_below_gate,73,38.9,0.2622,11.04,762,1000
0001446061,memo,ocr_below_gate,30,53.7,0.1076,0.361,775,1000
0001450997,memo,ok,116,71.1,0.1592,12.45,762,1000
0001455550,memo,ok,185,86.6,0.5039,20.636,762,1000
0001459869,memo,ok,337,83.3,0.6879,33.49,762,1000
0001460963,memo,ok,191,88.7,0.1613,13.11,762,1000
0011834250,memo,ok,185,84.3,0.3917,5.957,762,1000
0011905408,memo,ok,97,69.7,0.4236,4.455,762,1000
0011910127,memo,ok,145,79.0,0.279,18.356,762,1000
0011914041,memo,ocr_below_gate,156,25.5,0.3185,25.648,762,1000
0011916266,memo,ok,187,82.5,0.3857,18.509,762,1000
0011934079,memo,ok,272,60.8,0.4203,19.289,762,1000
0012182647,memo,ok,122,72.5,0.3483,29.301,762,1000
0012189284,memo,ok,210,86.2,0.3499,28.086,780,1000
0012190486,memo,ok,225,81.8,0.8017,20.565,762,1000
0012229680,memo,ok,283,66.0,0.4113,32.33,762,1000
0012286839,memo,ok,277,85.4,1.7219,39.538,780,1000
0013001762,memo,ok,260,82.8,0.3301,14.106,762,1000
0013403839,memo,ok,121,82.3,0.2866,11.337,762,1000
0013502467,memo,ok,212,88.7,0.3224,6.124,762,1000
0055502471,memo,ok,112,64.9,0.8161,2.311,700,1000
0060008570,memo,ok,244,75.1,0.3357,5.341,762,1000
0060009845,memo,ok,307,88.7,0.6224,10.517,762,1000
0060012166,memo,ok,199,81.0,0.7675,13.705,762,1000
0060013262,memo,ok,201,72.0,0.4251,6.883,762,1000
0060014215,memo,ok,169,78.6,0.1584,0.353,762,1000
0060014843,memo,ok,251,87.9,0.8319,15.055,762,1000
0060094186,memo,ok,250,91.6,1.5604,27.985,762,1000
0060109015,memo,ok,195,78.3,0.5362,21.015,762,1000
0060122720,memo,ok,159,69.2,0.2612,4.613,762,1000
0060123781,memo,ok,228,86.0,0.4558,6.742,762,1000
0060123835,memo,ok,199,90.7,0.5979,21.155,762,1000
0060139095,memo,ok,270,87.6,0.3227,4.833,762,1000
0060142651,memo,ok,97,79.0,0.2488,4.376,762,1000
0060146003,memo,ok,82,81.9,0.4169,12.321,762,1000
0060159247,memo,ok,116,78.2,0.8895,33.043,762,1000
0060165376,memo,ok,116,71.0,0.1743,0.798,762,1000
0060173666,memo,ok,407,66.7,3.9005,23.344,762,1000
0060198183,memo,ok,254,80.9,0.9446,34.767,762,1000
0060243529,memo,ok,183,84.4,0.6614,11.073,762,1000
0060274988,memo,ok,351,85.5,1.5118,13.305,762,1000
0060281077,memo,ok,248,86.5,0.6062,19.532,762,1000
0060298297,memo,ok,103,85.1,0.319,2.465,762,1000
0060315216,memo,ok,151,61.0,0.219,5.934,762,1000
0060318545,memo,ok,252,83.3,0.6455,30.949,762,1000
0071017907,memo,ok,164,86.6,0.4151,7.81,762,1000
0071032459,memo,ok,428,85.3,1.0297,39.148,762,1000
0071037873,memo,ok,107,80.2,0.4514,8.451,762,1000
0071041860,memo,ok,253,86.5,0.7193,23.103,762,1000
0071063349,memo,ok,120,80.8,0.4171,11.009,762,1000
0071064529,memo,ok,145,74.3,0.5328,8.265,762,1000
01090483_01090484,memo,ok,252,92.5,0.5083,27.852,771,1000
01331537,memo,ok,50,82.9,0.126,0.291,768,1000
03561681,memo,ok,248,85.7,0.5454,26.742,767,1000
1000228054,memo,ok,301,81.5,0.2308,3.25,777,1000
1000262703,memo,ok,61,78.1,0.1755,0.373,777,1000
1000292770,memo,ok,163,80.1,0.4269,22.128,777,1000
1000298196,memo,ok,224,87.6,0.7158,6.48,777,1000
1000371667,memo,ok,237,68.0,0.2107,2.867,777,1000
1001818867,memo,ok,186,83.2,0.443,11.355,777,1000
1001882141,memo,ok,295,78.5,0.5109,16.865,777,1000
1001887561,memo,ok,318,78.7,0.3837,26.66,777,1000
1001904375,memo,ocr_below_gate,211,50.9,0.4458,23.423,777,1000
1001911440,memo,ok,144,79.9,0.4093,16.626,777,1000
10021981,memo,ocr_below_gate,33,23.2,0.3307,2.444,772,1000
1002636327,memo,ok,310,87.0,0.5426,14.624,777,1000
1003396731,memo,ok,138,66.1,0.5042,19.853,777,1000
1003714448,memo,ok,75,67.2,0.2573,8.671,777,1000
12328549,memo,ok,140,89.1,0.5441,8.16,762,1000
12812969,memo,ok,180,80.2,0.0996,0.99,762,1000
2000327920,memo,ok,193,85.9,0.5503,21.526,780,1000
2000755473,memo,ok,229,74.8,0.8524,20.391,777,1000
2020135311,memo,ok,281,89.4,0.3562,16.326,777,1000
2020387253,memo,ok,92,78.3,0.2589,3.95,777,1000
2021210498,memo,ok,273,85.6,0.5883,30.25,777,1000
2021310220,memo,ok,191,86.3,0.2849,24.215,777,1000
2021323606,memo,ok,53,77.9,0.1246,0.22,777,1000
2021387740_2021387753,memo,ok,347,88.9,0.6384,21.042,777,1000
2021400203,memo,ok,315,85.0,0.5655,9.434,754,1000
2022144888,memo,ok,224,84.9,0.4156,4.322,777,1000
2022199103_2022199110,memo,ok,215,85.4,0.4797,23.018,777,1000
2022915002,memo,ok,183,73.9,0.4144,8.303,790,1000
2023192632,memo,ok,327,85.1,0.8674,23.445,777,1000
2023954598,memo,ocr_below_gate,75,37.9,0.4347,5.308,754,1000
2023954954,memo,ok,137,83.4,0.6149,9.522,777,1000
2024103065,memo,ok,216,92.7,0.6913,10.404,785,1000
2024260288_2024260299,memo,ok,220,87.6,0.6143,38.263,777,1000
2024951320,memo,ok,84,85.9,0.3647,2.797,777,1000
2025863358,memo,ok,229,85.5,0.5557,21.532,777,1000
2028579040_9041,memo,ok,361,85.0,0.9767,25.415,754,1000
2029116533,memo,ok,151,74.6,0.3704,3.198,754,1000
2040417143_2040417144,memo,ok,412,90.1,1.3667,23.533,810,1000
2040932371,memo,ok,274,91.1,1.0025,16.377,848,1000
2041724145,memo,ok,161,79.7,0.587,14.6,830,1000
2041796464_2041796500,memo,ok,214,84.7,12.9708,90.619,777,1000
2043206781_6783,memo,ok,442,87.8,1.6239,32.031,754,1000
2043790202_2043790203,memo,ok,298,92.9,0.4382,14.174,778,1000
2046007917_2046007918,memo,ok,320,93.2,0.8778,28.664,793,1000
2046287756_7758,memo,ok,228,73.3,0.6869,7.923,754,1000
2047416104,memo,ocr_below_gate,276,47.7,0.17,16.671,777,1000
2047864938,memo,ok,356,94.2,0.9377,23.934,794,1000
2049004986,memo,ok,78,83.8,0.1055,0.335,784,1000
2049345925,memo,ok,337,85.9,0.5656,21.461,776,1000
2054527142,memo,ok,200,91.3,0.2274,9.839,792,1000
2063073468_2063073469,memo,ok,211,83.3,0.7869,1.293,786,1000
2065561566_1567,memo,ok,406,90.8,0.7631,20.23,754,1000
2070688893,memo,ok,63,79.9,0.2438,0.546,754,1000
2072254946,memo,ok,70,85.7,0.0967,0.176,754,1000
2073620583_0584,memo,ok,359,93.2,11.1289,83.098,754,1000
2073846549_6552,memo,ok,141,87.9,0.55,4.687,754,1000
2076727459,memo,ok,209,82.7,0.9183,13.572,754,1000
2077459439_9442,memo,ok,280,75.9,0.4111,0.871,754,1000
2078023348,memo,ok,86,81.4,0.1592,0.316,754,1000
2080192488_2489,memo,ok,300,89.5,0.5293,11.497,754,1000
2081149382,memo,ok,203,88.5,0.518,4.979,754,1000
2084082598,memo,ocr_below_gate,82,52.9,0.3985,12.452,754,1000
24011264,memo,ok,40,76.8,0.2756,9.609,782,1000
2504040564_2504040566,memo,ok,248,91.3,1.0184,15.888,752,1000
2505106979,memo,ok,114,90.2,0.1836,0.482,754,1000
40011466-1466,memo,ok,143,83.9,0.2156,9.519,754,1000
50096409-6410,memo,ocr_below_gate,9,83.5,0.2066,0.494,754,1000
50109215-9215,memo,ok,326,88.0,0.8572,25.353,754,1000
50112894-2894,memo,ok,202,84.6,0.9098,18.707,754,1000
50140939-0939,memo,ok,42,85.4,0.1755,4.224,754,1000
50141926-1926,memo,ok,48,81.7,0.2133,4.525,754,1000
50151245-1245,memo,ok,145,86.7,0.3375,20.55,754,1000
50275320-5320,memo,ok,121,76.6,0.3322,12.109,754,1000
50420835-0835,memo,ok,133,85.4,0.6496,19.754,754,1000
50502972-2972,memo,ok,150,85.8,0.6752,18.198,754,1000
50650909-0909,memo,ok,61,60.6,0.3954,18.221,754,1000
613347,memo,ok,181,88.8,0.2486,8.731,762,1000
82340750,memo,ok,213,89.2,1.0906,22.189,754,1000
82569960_9967,memo,ok,94,85.2,0.3907,3.004,754,1000
82918358_82918362,memo,ok,188,79.4,0.4574,4.411,777,1000
83545660,memo,ok,80,89.0,0.3667,2.083,754,1000
85282788,memo,ok,214,76.0,0.6452,46.285,754,1000
86387756_7759,memo,ok,134,82.6,0.516,31.323,754,1000
87678788,memo,ok,329,89.8,0.8266,24.727,766,1000
87858147_87858153,memo,ok,235,89.4,0.6925,26.547,777,1000
88116534_88116536,memo,ok,307,90.3,0.8926,24.38,774,1000
89086479,memo,ok,162,77.6,0.3306,2.249,777,1000
89088278,memo,ok,183,82.8,1.03,8.703,776,1000
89836751_89836752,memo,ok,210,78.5,0.471,5.827,772,1000
91751847-a_91751849,memo,ok,277,82.6,0.5067,20.859,796,1000
93220979,memo,ok,58,81.3,0.099,0.199,768,1000
94000223_0224,memo,ok,198,74.7,0.6316,25.938,754,1000
94375002,memo,ok,112,85.4,0.2116,0.512,779,1000
94379557,memo,ok,251,88.5,0.5093,8.213,762,1000
95886177_6181,memo,ok,174,85.3,0.2548,6.234,754,1000
96087771_7774,memo,ok,204,87.7,1.3178,16.21,754,1000
96678543,memo,ok,49,75.5,0.3796,4.222,754,1000
98859235_9248,memo,ok,304,81.5,0.4158,19.175,754,1000
99392336_2337,memo,ok,279,89.9,0.7875,32.167,802,1000
corti0013980_3981,memo,ok,336,77.8,0.5265,21.317,754,1000
thkp0010975_0977,memo,ok,94,87.0,0.3619,2.464,754,1000
ti07560773_0775,memo,ok,270,78.3,0.7516,33.481,754,1000
tnwl0014851,memo,ok,44,64.1,0.0785,0.132,754,1000
tnwl0026480,memo,ocr_below_gate,12,66.4,0.1389,0.468,754,1000
tob04113.49_tob04113.53,memo,ok,368,92.1,1.215,28.963,779,1000
tob08616.06_tob08616.07,memo,ok,315,93.6,1.1742,27.513,787,1000
tob15621.77,memo,ok,173,93.6,0.6996,13.323,760,1000
tob18818.43_tob18818.44,memo,ok,368,87.7,2.1758,13.677,789,1000
tob19019.51,memo,ok,181,92.7,0.5374,13.398,800,1000
0000949066,scientific_report,ok,153,80.5,0.5815,8.743,762,1000
0001076990,scientific_report,ok,173,83.7,0.5293,22.067,762,1000
00060713,scientific_report,ok,185,75.7,0.1394,4.182,777,1000
00073440_00073443,scientific_report,ok,291,84.7,0.7429,20.715,773,1000
0011747977,scientific_report,ok,115,72.5,0.0818,0.178,762,1000
00480124_0126,scientific_report,ok,189,90.8,0.5899,21.196,754,1000
00966316,scientific_report,ok,261,82.0,1.2712,45.165,754,1000
03761798_1801,scientific_report,ok,355,92.8,1.1365,44.067,802,1000
1000050612_1000050617,scientific_report,ok,216,81.2,0.6444,21.074,777,1000
1001808905_1001808906,scientific_report,ok,184,89.8,0.5655,25.319,777,1000
1003189443_1003189463,scientific_report,ok,129,61.2,0.391,5.958,777,1000
10134341_10134343,scientific_report,ok,139,82.9,0.5592,14.704,772,1000
11003055_11003075,scientific_report,ok,117,83.4,0.3866,3.959,771,1000
11305980_11305986,scientific_report,ok,389,87.8,0.535,27.771,771,1000
2015040986,scientific_report,ok,181,90.9,0.329,10.333,777,1000
2020135296_2020135309,scientific_report,ocr_below_gate,119,34.9,0.3377,23.129,777,1000
2020136311_2020136312,scientific_report,ok,426,92.7,0.3879,15.64,777,1000
2021584986_2021584993,scientific_report,ok,413,92.8,0.8004,36.473,777,1000
2022149404,scientific_report,ok,63,89.4,0.1717,0.951,777,1000
2022164327,scientific_report,ok,237,93.4,0.6427,18.09,777,1000
2022167953_2022167954,scientific_report,ok,64,61.2,0.1237,0.344,777,1000
2022208753_2022208755,scientific_report,ok,275,91.4,0.5422,24.158,763,1000
2023046863_2023046905,scientific_report,ocr_below_gate,242,43.9,0.1475,1.982,777,1000
2023189500,scientific_report,ok,292,56.9,0.1507,16.167,777,1000
2023536317_2023536325,scientific_report,ok,217,88.0,0.8874,2.27,777,1000
2023956839,scientific_report,ok,197,75.8,0.2542,6.142,777,1000
2024313063_2024313066,scientific_report,ocr_below_gate,47,38.7,0.3434,2.286,777,1000
2024316247,scientific_report,unaligned_or_identical,0,0.0,0.0,0.0,0,0
2024440072_2024440077,scientific_report,ok,73,83.4,0.0969,0.224,777,1000
2024440363_2024440368,scientific_report,ok,78,80.2,0.1189,0.256,777,1000
2024494648-a,scientific_report,ok,168,67.2,0.4538,5.316,777,1000
2024835211,scientific_report,ocr_below_gate,225,36.4,0.8501,7.649,777,1000
2024841777,scientific_report,ok,338,89.1,0.9555,26.583,777,1000
2024966076_2024966086,scientific_report,ok,469,88.5,0.9001,38.227,777,1000
2024987437_2024987442,scientific_report,ok,380,70.7,0.7936,39.008,777,1000
2025491751_2025491759,scientific_report,ok,85,75.0,0.3493,5.651,777,1000
2025820935_2025820950,scientific_report,ok,525,91.3,0.7888,43.784,777,1000
2028381373,scientific_report,ok,370,90.6,1.0033,32.852,777,1000
2028452597_2028452622,scientific_report,ok,56,79.7,0.2125,0.564,777,1000
2028464707_2028464711,scientific_report,ok,222,89.2,0.5483,11.538,777,1000
2028523139_2028523145,scientific_report,ok,161,88.9,0.9051,16.813,777,1000
2028619629_2028619630,scientific_report,ok,292,91.6,0.8274,32.24,777,1000
2028706828_2028706844,scientific_report,ok,280,81.4,0.9511,27.427,777,1000
2028723891_2028723894,scientific_report,ok,200,64.0,0.7976,24.235,777,1000
2028832712,scientific_report,ok,97,69.6,0.187,0.333,777,1000
2028836214,scientific_report,ok,34,61.9,0.1658,12.644,777,1000
2028873827,scientific_report,ok,133,72.0,0.2375,1.47,777,1000
2028875467_2028875469,scientific_report,ok,137,71.4,0.2108,0.601,777,1000
2028896921-a_2028896928,scientific_report,unaligned_or_identical,0,0.0,0.0,0.0,0,0
2028904857,scientific_report,ok,63,80.5,0.269,6.747,777,1000
2028964546_2028964698,scientific_report,ok,45,79.4,0.1797,3.184,777,1000
2028989314,scientific_report,ocr_below_gate,152,31.3,0.4201,46.92,780,1000
2028998206,scientific_report,ok,76,59.3,0.2234,7.505,777,1000
2029017068,scientific_report,ok,205,78.1,0.3777,23.795,777,1000
2029028944_2029028970,scientific_report,ok,106,77.7,0.3714,4.892,784,1000
2029118961_2029118969,scientific_report,ok,204,88.7,0.5862,22.291,777,1000
2029189768_2029189776,scientific_report,unaligned_or_identical,0,0.0,0.0,0.0,0,0
2029210214,scientific_report,ok,50,70.2,0.1302,0.263,789,1000
2029253433,scientific_report,ok,315,92.6,0.636,11.352,777,1000
2029259356,scientific_report,ok,129,92.0,0.4979,7.806,777,1000
2030575775_2030575776,scientific_report,ok,166,62.5,0.5303,30.07,773,1000
2040013366,scientific_report,ok,119,80.5,0.2442,3.798,754,1000
2050056092_2050056097,scientific_report,ocr_below_gate,75,50.2,0.2021,25.503,774,1000
2050282936,scientific_report,ok,179,71.1,0.3632,2.112,786,1000
2050312837_2050312881,scientific_report,ocr_below_gate,95,34.9,0.6075,21.875,810,1000
2050861639,scientific_report,ok,189,91.8,0.7463,22.105,777,1000
2050920925_2050920968,scientific_report,ok,50,59.3,0.4381,5.819,824,1000
2051028324,scientific_report,ok,374,95.2,0.8647,27.919,795,1000
2051036948_6953,scientific_report,ok,109,79.3,0.2048,7.981,754,1000
2051645686_2051645691,scientific_report,ok,451,92.8,0.6927,40.935,782,1000
2051993780_3785,scientific_report,ocr_below_gate,169,44.3,0.7484,3.645,754,1000
2055663697,scientific_report,ok,70,73.7,0.113,0.463,852,1000
2056293125,scientific_report,unaligned_or_identical,0,0.0,0.0,0.0,0,0
2056468151_8152,scientific_report,unaligned_or_identical,0,0.0,0.0,0.0,0,0
2056645649,scientific_report,ocr_below_gate,434,44.5,2.8704,19.884,758,1000
2057124602_4603,scientific_report,ok,189,84.6,0.6013,12.575,754,1000
2057322796_2837,scientific_report,ok,166,55.7,0.3444,3.108,754,1000
2057358024,scientific_report,unaligned_or_identical,0,0.0,0.0,0.0,0,0
2057751669,scientific_report,ocr_below_gate,129,53.7,0.2394,14.051,754,1000
2058083660,scientific_report,ok,115,73.4,0.1464,4.216,1079,1000
2058090726,scientific_report,ocr_below_gate,77,36.8,0.2193,14.961,784,1000
2060538927,scientific_report,ok,320,74.0,0.6266,14.894,787,1000
2061977688_2061977692,scientific_report,ok,256,90.3,0.8686,29.18,733,1000
2062077993,scientific_report,ok,44,56.6,0.0983,0.833,720,1000
2062094004_2062094005,scientific_report,ok,131,66.9,0.2767,10.404,730,1000
2063601121,scientific_report,ok,305,91.7,0.9258,21.077,771,1000
2063813424,scientific_report,ok,479,81.4,0.592,29.32,754,1000
2064257228,scientific_report,ok,120,74.4,0.4261,9.526,754,1000
2064285327_5328,scientific_report,ok,159,90.0,0.5907,24.903,754,1000
2064385642_5647,scientific_report,ok,433,87.1,0.5089,26.614,754,1000
2065391161_1162,scientific_report,ok,361,89.2,0.6528,29.029,754,1000
2070747648_7649,scientific_report,ok,521,90.6,0.7607,26.762,754,1000
2071647135_7166,scientific_report,ok,396,83.1,0.5844,18.386,754,1000
2072151645_1650,scientific_report,unaligned_or_identical,0,0.0,0.0,0.0,0,0
2072686310_6317,scientific_report,ok,368,92.1,1.2863,25.449,754,1000
2074407752,scientific_report,ok,201,71.0,0.4106,14.451,754,1000
2074407784,scientific_report,ok,183,61.4,0.5907,12.293,754,1000
2074885711_5714,scientific_report,ok,82,73.9,0.2282,3.265,754,1000
2075168849,scientific_report,ok,96,73.3,0.3231,1.583,754,1000
2075434531,scientific_report,ocr_below_gate,87,49.9,0.0968,1.003,754,1000
2075861358_1438,scientific_report,ocr_below_gate,95,34.0,0.2829,3.928,754,1000
2076060175_0177,scientific_report,unaligned_or_identical,0,0.0,0.0,0.0,0,0
2076111001_1002,scientific_report,ocr_below_gate,231,50.0,0.5918,8.69,754,1000
2076635196,scientific_report,unaligned_or_identical,0,0.0,0.0,0.0,0,0
2078144008_4010,scientific_report,ocr_below_gate,387,34.4,0.17,6.09,754,1000
2078455794,scientific_report,ok,117,62.1,0.0832,0.984,754,1000
2078569332_9371,scientific_report,ok,247,87.5,0.5944,23.614,754,1000
2078569516_9517,scientific_report,ok,327,89.5,0.3744,20.431,754,1000
2078638600,scientific_report,ok,122,62.5,0.1454,4.278,754,1000
2078638657_8658,scientific_report,unaligned_or_identical,0,0.0,0.0,0.0,0,0
2081783158_3166,scientific_report,ok,359,88.7,0.6542,34.336,754,1000
2082556021,scientific_report,unaligned_or_identical,0,0.0,0.0,0.0,0,0
2501123498_2501123500,scientific_report,ok,160,82.6,0.2183,13.101,743,1000
2501368941_2501368955,scientific_report,ok,44,74.7,0.0284,0.057,790,1000
2501410359,scientific_report,ok,170,86.3,0.6273,46.6,792,1000
2501464853,scientific_report,ok,98,84.3,0.4893,9.568,800,1000
2501485188,scientific_report,ok,195,75.2,0.8768,27.424,773,1000
2501503273_3274,scientific_report,ocr_below_gate,136,39.5,0.3682,15.726,754,1000
2501630202_2501630214,scientific_report,ok,86,59.2,0.2127,3.289,788,1000
2501639088,scientific_report,ok,125,66.4,0.3242,9.781,797,1000
2501669056,scientific_report,ok,37,56.6,0.0746,0.131,784,1000
2501669767,scientific_report,ok,36,56.0,0.1546,2.413,721,1000
2501743261_3262,scientific_report,ok,168,86.7,0.9867,31.309,754,1000
2501761045_1090,scientific_report,ok,69,59.3,0.4114,4.612,754,1000
2501768589_8611,scientific_report,ok,67,76.3,0.4316,33.459,754,1000
2502024746_4775,scientific_report,ok,86,63.4,0.3349,2.845,754,1000
2505108369,scientific_report,unaligned_or_identical,0,0.0,0.0,0.0,0,0
2505118265,scientific_report,ok,73,72.8,0.6642,13.442,754,1000
2505119666,scientific_report,unaligned_or_identical,0,0.0,0.0,0.0,0,0
2505136723_6740,scientific_report,ok,26,80.6,1.1163,27.936,754,1000
2505150377_0384,scientific_report,ocr_below_gate,12,41.1,0.6534,16.832,754,1000
2505155019_5020,scientific_report,unaligned_or_identical,0,0.0,0.0,0.0,0,0
2505161115,scientific_report,unaligned_or_identical,0,0.0,0.0,0.0,0,0
2505161535_1537,scientific_report,ok,121,62.5,0.6221,31.89,754,1000
2505188964,scientific_report,ok,179,56.1,0.2097,3.029,754,1000
2505294626,scientific_report,ocr_below_gate,82,50.1,0.228,11.255,754,1000
2505323006,scientific_report,ok,173,86.8,0.4093,22.84,754,1000
2505354745,scientific_report,ok,186,76.7,0.441,9.458,754,1000
2505365241,scientific_report,ocr_below_gate,186,28.4,0.1416,2.381,754,1000
2505377723,scientific_report,ok,63,70.4,0.1066,5.094,754,1000
2505416252_6253,scientific_report,ok,37,60.4,0.0622,4.073,754,1000
2505458435_8463,scientific_report,ok,321,88.2,0.8324,30.875,754,1000
40025851-5855,scientific_report,ok,46,86.9,0.283,0.553,754,1000
50411414-1434,scientific_report,ok,132,77.3,0.4789,1.34,754,1000
50533639-3641,scientific_report,ok,153,89.4,0.4565,4.367,754,1000
50546257-6300,scientific_report,ok,97,90.5,0.5653,28.014,754,1000
50688901-8931,scientific_report,ok,127,87.8,0.6809,10.112,754,1000
83197397_7398,scientific_report,ok,330,90.7,2.9617,34.225,754,1000
83238187_8215,scientific_report,ok,92,87.0,0.3733,6.161,802,1000
83393822_3842,scientific_report,ok,63,77.2,0.4777,7.094,754,1000
83487588,scientific_report,ocr_below_gate,313,51.5,0.1283,7.576,802,1000
85695259_5262,scientific_report,ok,56,89.4,0.1826,0.501,754,1000
87112860,scientific_report,ok,124,92.1,0.4041,2.901,778,1000
87422550,scientific_report,ok,156,89.3,0.7457,12.828,781,1000
87426496,scientific_report,ok,173,86.4,0.2778,14.369,779,1000
87429367,scientific_report,ok,201,87.9,0.3951,7.048,770,1000
87431033,scientific_report,ok,116,87.1,0.3719,1.883,779,1000
88155685,scientific_report,ocr_below_gate,240,51.9,14.765,94.545,772,1000
88800118_88800121,scientific_report,ok,320,90.6,0.853,34.986,775,1000
88959060_9061,scientific_report,ok,370,89.2,0.6956,24.392,802,1000
89263399_89263406,scientific_report,ok,417,60.3,0.3365,30.528,772,1000
89263468_89263475,scientific_report,ocr_below_gate,371,52.2,0.3875,15.4,773,1000
89532777,scientific_report,ok,481,55.8,0.3516,3.172,777,1000
91816604,scientific_report,ocr_below_gate,229,38.9,0.4901,13.883,777,1000
92338021_8022,scientific_report,ok,247,86.0,0.5244,14.583,802,1000
93773044_3045,scientific_report,ok,185,79.2,0.1651,9.644,754,1000
93843876_3881,scientific_report,ok,242,91.3,0.8291,38.563,802,1000
98703360,scientific_report,ok,244,66.0,0.4821,26.409,754,1000
98703910,scientific_report,ocr_below_gate,408,47.2,0.328,9.165,754,1000
0000046972,specification,ok,196,55.1,0.2353,24.61,762,1000
0000046987,specification,ocr_below_gate,122,38.0,0.2268,3.456,762,1000
0000057463,specification,ocr_below_gate,294,28.6,0.2626,29.066,772,1000
0000057793,specification,ocr_below_gate,185,35.1,0.3926,15.15,771,1000
0000064508,specification,ok,68,82.5,0.0263,0.04,777,1000
0000064525,specification,ok,77,83.9,0.1513,3.516,776,1000
0000071603,specification,ocr_below_gate,77,36.0,0.207,2.775,762,1000
0001431806,specification,ocr_below_gate,144,45.7,0.2421,17.047,762,1000
0001460408,specification,ok,181,79.9,0.3432,12.664,762,1000
0011570280,specification,ocr_below_gate,299,42.0,0.1909,10.099,762,1000
0011570641,specification,ocr_below_gate,86,33.3,0.1298,7.019,762,1000
0011833001,specification,ocr_below_gate,63,32.7,0.0703,4.316,762,1000
0011833116,specification,ocr_below_gate,105,33.4,0.1063,7.852,762,1000
0011859978,specification,unaligned_or_identical,0,0.0,0.0,0.0,0,0
0011897106,specification,ok,212,77.2,0.2261,2.67,771,1000
0012192726,specification,ocr_below_gate,339,37.3,0.173,4.878,762,1000
0012207187,specification,ok,240,71.3,0.4878,21.093,772,1000
0012207286,specification,ocr_below_gate,224,32.1,0.1326,0.783,772,1000
0012214435,specification,ok,121,85.4,0.5277,19.117,776,1000
2000327911_2000327912,specification,ocr_below_gate,73,51.5,0.2469,2.357,782,1000
2020002949,specification,ocr_below_gate,181,37.4,0.217,7.631,777,1000
2030231415_2030231416,specification,ok,136,58.6,0.2065,14.968,784,1000
2030514779_2030514780,specification,ocr_below_gate,28,38.7,0.5566,32.427,765,1000
2031296603,specification,ok,153,55.2,0.2028,3.217,778,1000
2031316311,specification,ocr_below_gate,107,44.9,0.19,2.886,770,1000
2031316778,specification,ok,106,75.4,0.6955,19.931,777,1000
2031322277,specification,ocr_below_gate,226,41.8,0.6802,7.318,777,1000
2031322345,specification,ok,195,55.8,0.4256,10.247,778,1000
2031448477,specification,ok,167,74.9,0.489,17.023,812,1000
2031505223_2031505226,specification,ok,116,67.0,0.7207,17.363,754,1000
2031551678_2031551679,specification,ocr_below_gate,134,50.9,0.0546,1.668,789,1000
2050761995_2050761996,specification,ok,377,70.3,0.3112,23.813,774,1000
2051509157_2051509159,specification,unaligned_or_identical,0,0.0,0.0,0.0,0,0
2051519171_2051519173,specification,ok,342,86.3,1.0759,40.775,821,1000
2051520556_2051520557,specification,ok,164,58.2,0.1208,2.304,773,1000
2051524385,specification,ocr_below_gate,440,49.9,1.2334,41.021,770,1000
2051524505_2051524506,specification,ok,174,64.1,0.4503,19.439,777,1000
2051525962_2051525965,specification,ok,211,66.0,0.3814,42.247,778,1000
2051526700_2051526702,specification,unaligned_or_identical,0,0.0,0.0,0.0,0,0
2051530832,specification,ok,250,62.5,0.1886,4.28,830,1000
2051551816_2051551825,specification,ok,100,80.8,0.1552,12.901,779,1000
2051554509_2051554512,specification,ok,370,57.4,1.2457,33.486,781,1000
2051555411_2051555412,specification,ocr_below_gate,154,52.4,0.03,0.066,780,1000
2053578305_2053578306,specification,ok,278,57.9,0.3962,26.006,797,1000
2053584149_2053584153,specification,ok,162,76.6,12.1696,75.834,848,1000
2054772844_2054772846,specification,ok,364,59.4,0.7784,39.421,867,1000
2054773034_2054773039,specification,ocr_below_gate,178,48.5,0.5835,23.243,868,1000
2055451449_2055451452,specification,ok,411,72.7,0.8188,41.449,784,1000
2055593439_2055593442,specification,ok,135,80.0,0.3073,42.615,790,1000
2056744342,specification,ok,188,65.7,0.3136,12.188,799,1000
2056975827_2056975828,specification,ocr_below_gate,243,51.8,0.0987,35.702,782,1000
2057125978_5979,specification,ok,210,83.7,0.7371,23.118,754,1000
2057163885_2057163886,specification,ok,231,62.8,0.3234,27.903,783,1000
2057390256_2057390263,specification,ok,212,85.6,0.2738,2.821,778,1000
2057402474_2057402475,specification,ok,286,58.8,0.4047,2.982,867,1000
2057405630_2057405631,specification,ocr_below_gate,364,41.8,0.9366,8.76,781,1000
2057405864_2057405865,specification,ok,300,65.5,0.5726,26.981,781,1000
2057406820,specification,ok,213,75.4,0.2502,8.295,783,1000
2057406951,specification,ocr_below_gate,98,29.0,3.277,26.969,781,1000
2057407554,specification,ok,111,83.9,0.3663,16.387,780,1000
2057407741_2057407743,specification,ocr_below_gate,399,48.0,1.1403,48.232,776,1000
2057407759_2057407761,specification,ocr_below_gate,700,35.5,0.6682,10.744,780,1000
2057408972_2057408975,specification,unaligned_or_identical,0,0.0,0.0,0.0,0,0
2057416318_2057416322,specification,ok,244,72.0,0.798,55.441,794,1000
2057417804_2057417805,specification,ok,242,71.5,0.6349,11.751,797,1000
2057420601_2057420603,specification,ok,323,70.7,0.4931,17.407,835,1000
2057423888_2057423890,specification,ok,243,61.0,0.7504,7.165,798,1000
2057424307_2057424308,specification,ok,286,83.8,0.4088,16.524,796,1000
2057425514_2057425518,specification,ocr_below_gate,136,45.9,0.2523,20.337,778,1000
2057429715_2057429716,specification,unaligned_or_identical,0,0.0,0.0,0.0,0,0
2057429888,specification,ok,425,58.3,0.6359,25.589,793,1000
2057435426_2057435432,specification,unaligned_or_identical,0,0.0,0.0,0.0,0,0
2057442743_2057442745,specification,ok,162,65.3,0.8755,20.536,787,1000
2057443691_2057443693,specification,ok,271,67.3,0.6281,38.558,873,1000
2057451684_2057451686,specification,ocr_below_gate,276,38.3,0.0906,2.139,785,1000
2057459975_2057459976,specification,ocr_below_gate,337,43.5,0.9133,45.428,780,1000
2057460208_2057460210,specification,ok,168,71.6,0.6859,19.853,780,1000
2057465568_2057465577,specification,ok,147,80.4,0.4217,20.252,780,1000
2057466823_2057466824,specification,ok,184,62.9,0.8298,23.08,779,1000
2057467166_2057467167,specification,ok,240,58.9,0.6501,12.304,784,1000
2057467409_2057467410,specification,ok,282,78.6,0.3839,13.86,782,1000
2057468636_2057468640,specification,ok,345,89.0,1.3014,36.041,794,1000
2057469141_2057469144,specification,ok,181,79.1,0.3567,9.708,790,1000
2057470208_2057470210,specification,ok,217,71.5,0.5691,10.982,787,1000
2057478396_2057478405,specification,ok,142,80.7,0.3164,25.342,788,1000
2057480458_2057480467,specification,ok,150,86.5,0.2374,31.414,788,1000
2057484081,specification,unaligned_or_identical,0,0.0,0.0,0.0,0,0
2057486506_2057486509,specification,ocr_below_gate,301,44.7,0.4107,23.009,778,1000
2057486588_2057486589,specification,ok,160,64.5,0.9973,24.307,781,1000
2057488518,specification,ocr_below_gate,156,51.2,0.7193,19.33,794,1000
2057658527,specification,ok,207,71.0,0.2806,41.349,873,1000
2057669788,specification,ocr_below_gate,83,39.6,0.0675,0.164,795,1000
2057679210,specification,ocr_below_gate,115,45.3,0.1716,7.343,793,1000
2057680263,specification,ocr_below_gate,301,26.5,0.6345,12.3,796,1000
2057814599,specification,ok,201,59.5,0.3843,14.453,781,1000
2059125590,specification,ok,112,71.2,0.074,2.541,791,1000
2062907114,specification,ok,164,81.3,0.6542,16.95,786,1000
2062907371,specification,ok,281,67.5,0.6986,31.886,788,1000
2062907515,specification,ok,279,66.3,0.7197,51.731,786,1000
2062907551,specification,ok,218,64.3,0.244,18.105,789,1000
2069710116,specification,ok,162,56.9,0.276,9.371,754,1000
2069711023,specification,ok,198,57.2,0.1935,9.001,754,1000
2069712069,specification,ok,213,63.2,0.5646,27.639,754,1000
2069712419,specification,ocr_below_gate,152,54.1,0.2062,9.224,754,1000
2069714127,specification,ok,180,63.6,0.2873,17.569,754,1000
2069714236,specification,ok,216,67.0,0.4211,13.893,754,1000
2069714278,specification,ok,207,65.0,0.3934,26.424,754,1000
2069718799,specification,ok,227,61.1,0.2537,13.823,754,1000
2069718944,specification,ok,235,66.9,0.8458,31.818,754,1000
2069719182,specification,ok,208,65.4,0.0733,2.977,754,1000
2069720735,specification,ok,153,58.6,0.1073,2.268,754,1000
2069721648,specification,ok,209,58.1,0.1342,6.223,754,1000
2069722216,specification,ok,215,62.1,0.3777,16.757,754,1000
2069722356,specification,ok,242,61.9,0.0939,3.259,754,1000
2069722762,specification,ok,214,65.4,0.2175,12.427,754,1000
2069723627,specification,ok,165,59.9,0.0729,0.349,754,1000
2069723936,specification,ok,193,56.7,0.1704,8.68,754,1000
2069726269,specification,ok,225,64.1,0.0492,2.256,754,1000
2069726696,specification,ok,234,63.0,0.2273,5.336,754,1000
2069727606,specification,ok,173,62.3,0.1001,2.263,754,1000
2069728574,specification,ok,282,61.5,0.1781,13.149,754,1000
2069729006,specification,ok,211,57.9,0.1115,14.776,754,1000
2069730265,specification,ocr_below_gate,158,54.9,0.5931,44.743,754,1000
2069730945,specification,ok,229,61.5,0.2011,4.422,754,1000
2069732492,specification,ok,136,61.2,0.068,0.124,754,1000
2069732774,specification,ok,149,61.6,0.1058,2.011,754,1000
2069732841,specification,ok,271,58.5,0.3329,22.75,754,1000
2069733681,specification,ocr_below_gate,161,54.9,0.1468,2.995,754,1000
2069735839,specification,ok,254,57.1,0.4257,17.764,754,1000
2069737338,specification,ok,232,61.8,0.3244,8.661,754,1000
2069738854,specification,ok,161,59.3,0.0908,2.101,754,1000
2069739856,specification,ok,203,63.1,0.2015,0.403,754,1000
2069740389,specification,ok,160,57.3,0.1605,6.956,754,1000
2069741044,specification,ok,170,58.2,0.1467,4.954,754,1000
2074868325,specification,ok,216,62.9,0.1878,20.615,754,1000
2075756089,specification,ok,276,61.2,0.0375,0.955,754,1000
2076373506,specification,ocr_below_gate,162,47.2,0.117,1.916,754,1000
2076512966_2967,specification,ok,223,83.3,0.418,43.317,754,1000
2082697943,specification,ok,192,58.7,0.1886,10.191,754,1000
500238706+-8706,specification,ok,152,58.1,0.4825,4.153,754,1000
502479736,specification,unaligned_or_identical,0,0.0,0.0,0.0,0,0
504453663+-3663,specification,ocr_below_gate,112,46.6,0.6532,20.079,754,1000
504453707+-3707,specification,ocr_below_gate,75,39.8,0.7411,11.347,754,1000
504497258,specification,ok,157,58.4,0.3071,25.722,771,1000
504524940,specification,ok,113,71.2,0.3387,17.914,777,1000
504525083,specification,ok,99,58.6,0.3112,2.759,777,1000
504525531,specification,ok,193,56.9,0.6808,9.791,777,1000
504525619,specification,ok,160,72.1,0.297,14.684,779,1000
504527608,specification,ok,163,66.8,0.3468,14.788,780,1000
504527847,specification,ocr_below_gate,56,29.8,0.2848,0.614,771,1000
504544445+-4445,specification,ok,138,64.4,0.704,29.669,754,1000
504650731+-0739,specification,ok,41,58.3,0.1008,3.753,754,1000
504781423_504781424,specification,ok,120,74.0,0.5969,30.348,771,1000
504922636+-2643,specification,ocr_below_gate,56,49.6,0.1963,33.966,754,1000
505772750,specification,ok,174,75.8,0.2479,10.778,781,1000
506060423,specification,ok,129,87.7,0.3674,11.263,788,1000
506456673+-6673,specification,ok,40,75.4,0.143,4.252,754,1000
506472801_506472802,specification,ok,107,64.9,0.3258,6.15,772,1000
506501741+-1744,specification,unaligned_or_identical,0,0.0,0.0,0.0,0,0
506508742_506508744,specification,ocr_below_gate,5,44.2,0.252,1.181,788,1000
506567705_506567707,specification,ok,125,78.5,0.3167,4.615,778,1000
506990502,specification,ok,217,88.7,0.5615,25.219,787,1000
507026388_507026398,specification,ok,108,88.5,0.3015,18.622,775,1000
507264701,specification,ok,149,88.0,0.5826,23.795,771,1000
508206764,specification,ok,165,76.5,0.4643,23.236,788,1000
508362307,specification,ok,85,65.9,0.1834,1.572,779,1000
508955166+-5170,specification,unaligned_or_identical,0,0.0,0.0,0.0,0,0
509159691_509159693,specification,ok,97,77.5,0.0966,11.686,771,1000
509644844,specification,ok,324,82.4,0.607,14.103,781,1000
509874882_509874883,specification,ok,245,82.0,1.1387,35.854,780,1000
511294345_511294361,specification,unaligned_or_identical,0,0.0,0.0,0.0,0,0
512747766_512747769,specification,ok,227,67.2,0.6218,30.573,775,1000
515074075_515074078,specification,ok,200,58.0,0.0981,2.172,789,1000
87400654,specification,ok,159,70.2,0.6379,15.362,778,1000
87403628,specification,ok,175,71.2,0.127,0.354,774,1000
87479877,specification,ocr_below_gate,235,38.5,0.852,5.401,775,1000
